order_id,customer_id,order_date,product_id,quantity,unit_price,item_total
ORD00001,CUST0080,2024-10-16T00:24:09,PROD0074,3,600.67,1802.01
ORD00001,CUST0080,2024-10-16T00:24:09,PROD0112,3,1826.92,5480.75
ORD00008,CUST0025,2025-07-25T01:27:09,PROD0197,1,3487.74,3487.74
ORD00008,CUST0025,2025-07-25T01:27:09,PROD0161,1,3225.96,3225.96
ORD00018,CUST0098,2025-06-20T23:21:09,PROD0060,1,3126.71,3126.71
ORD00019,CUST0019,2024-11-16T10:00:09,PROD0029,1,1095.91,1095.91
ORD00019,CUST0019,2024-11-16T10:00:09,PROD0004,1,2729.16,2729.16
ORD00020,CUST0023,2025-01-23T17:52:09,PROD0135,1,2971.6,2971.6
ORD00020,CUST0023,2025-01-23T17:52:09,PROD0115,1,2490.73,2490.73
ORD00021,CUST0029,2025-07-21T18:30:09,PROD0169,1,2495.84,2495.84
ORD00021,CUST0029,2025-07-21T18:30:09,PROD0008,1,3366.13,3366.13
ORD00022,CUST0014,2025-05-20T15:42:09,PROD0021,1,4418.43,4418.43
ORD00002,CUST0089,2025-02-10T16:46:09,PROD0015,1,3805.48,3805.48
ORD00023,CUST0082,2025-07-07T10:29:09,PROD0153,1,3451.43,3451.43
ORD00025,CUST0086,2025-01-19T03:53:09,PROD0122,1,4593.66,4593.66
ORD00025,CUST0086,2025-01-19T03:53:09,PROD0024,1,2367.69,2367.69
ORD00006,CUST0059,2025-02-11T23:08:09,PROD0028,1,2259.41,2259.41
ORD00006,CUST0059,2025-02-11T23:08:09,PROD0148,1,4767.28,4767.28
ORD00006,CUST0059,2025-02-11T23:08:09,PROD0006,3,3441.65,10324.96
ORD00017,CUST0083,2025-08-04T11:45:09,PROD0086,1,2279.07,2279.07
ORD00024,CUST0090,2024-11-08T13:25:09,PROD0142,1,422.65,422.65
ORD00024,CUST0090,2024-11-08T13:25:09,PROD0116,2,787.24,1574.48
ORD00024,CUST0090,2024-11-08T13:25:09,PROD0117,1,4966.22,4966.22
ORD00026,CUST0072,2024-10-11T11:19:09,PROD0172,1,2243.42,2243.42
ORD00026,CUST0072,2024-10-11T11:19:09,PROD0171,2,4117.43,8234.85
ORD00027,CUST0077,2025-02-17T03:50:09,PROD0055,1,4981.73,4981.73
ORD00027,CUST0077,2025-02-17T03:50:09,PROD0028,1,2252.43,2252.43
ORD00029,CUST0035,2025-09-05T02:42:09,PROD0002,1,2835.14,2835.14
ORD00030,CUST0095,2025-07-31T16:49:09,PROD0056,1,3237.91,3237.91
ORD00030,CUST0095,2025-07-31T16:49:09,PROD0041,1,2576.06,2576.06
ORD00028,CUST0074,2025-01-04T06:38:09,PROD0197,2,3340.89,6681.78
ORD00028,CUST0074,2025-01-04T06:38:09,PROD0165,1,4093.94,4093.94
ORD00031,CUST0007,2024-11-28T22:32:09,PROD0173,1,982.22,982.22
ORD00031,CUST0007,2024-11-28T22:32:09,PROD0109,1,3170.27,3170.27
ORD00004,CUST0064,2025-07-05T20:58:09,PROD0066,1,2080.62,2080.62
ORD00032,CUST0066,2024-11-08T04:11:09,PROD0174,1,3734.14,3734.14
ORD00005,CUST0087,2025-06-16T21:48:09,PROD0089,3,96.22,288.67
ORD00009,CUST0057,2024-09-28T11:07:09,PROD0024,2,2179.04,4358.08
ORD00009,CUST0057,2024-09-28T11:07:09,PROD0107,1,626.81,626.81
ORD00007,CUST0088,2024-10-06T12:31:09,PROD0074,1,541.52,541.52
ORD00015,CUST0096,2024-11-29T06:25:09,PROD0126,1,900.09,900.09
ORD00003,CUST0053,2025-06-27T14:34:09,PROD0045,1,4943.03,4943.03
ORD00013,CUST0060,2025-09-04T02:25:09,PROD0036,1,4294.93,4294.93
ORD00014,CUST0031,2025-06-12T21:08:09,PROD0172,2,2401.91,4803.82
ORD00010,CUST0047,2025-06-09T09:42:09,PROD0043,1,3579.17,3579.17
ORD00012,CUST0087,2025-01-23T11:08:09,PROD0096,1,2265.27,2265.27
ORD00012,CUST0087,2025-01-23T11:08:09,PROD0007,1,557.67,557.67
ORD00012,CUST0087,2025-01-23T11:08:09,PROD0084,2,3170.43,6340.85
ORD00011,CUST0038,2025-03-02T20:13:09,PROD0037,1,1826.82,1826.82
ORD00011,CUST0038,2025-03-02T20:13:09,PROD0174,1,4103.55,4103.55
ORD00011,CUST0038,2025-03-02T20:13:09,PROD0143,1,3900.23,3900.23
ORD00011,CUST0038,2025-03-02T20:13:09,PROD0004,1,2386.06,2386.06
ORD00033,CUST0051,2025-07-13T17:44:09,PROD0055,1,5263.68,5263.68
ORD00035,CUST0046,2024-10-17T05:39:09,PROD0112,1,1882.76,1882.76
ORD00035,CUST0046,2024-10-17T05:39:09,PROD0081,1,1669.56,1669.56
ORD00016,CUST0048,2024-12-31T07:12:09,PROD0093,1,2352.7,2352.7
ORD00016,CUST0048,2024-12-31T07:12:09,PROD0140,2,3615.46,7230.91
ORD00016,CUST0048,2024-12-31T07:12:09,PROD0016,1,3780.3,3780.3
ORD00016,CUST0048,2024-12-31T07:12:09,PROD0032,2,3776.74,7553.47
ORD00034,CUST0001,2025-05-23T16:11:09,PROD0098,1,1596.34,1596.34
ORD00037,CUST0040,2025-03-03T00:05:09,PROD0020,1,4558.72,4558.72
ORD00037,CUST0040,2025-03-03T00:05:09,PROD0131,1,424.57,424.57
ORD00036,CUST0052,2024-09-21T02:54:09,PROD0159,1,2175.05,2175.05
ORD00036,CUST0052,2024-09-21T02:54:09,PROD0093,1,2424.75,2424.75
ORD00036,CUST0052,2024-09-21T02:54:09,PROD0063,1,3822.42,3822.42
ORD00038,CUST0083,2024-11-24T23:50:09,PROD0051,1,1601.17,1601.17
ORD00040,CUST0081,2025-02-18T21:12:09,PROD0114,1,651.16,651.16
ORD00039,CUST0099,2025-07-29T08:13:09,PROD0195,1,435.63,435.63
ORD00039,CUST0099,2025-07-29T08:13:09,PROD0145,1,3243.92,3243.92
ORD00041,CUST0065,2024-10-18T02:13:09,PROD0015,1,3736.96,3736.96
ORD00042,CUST0065,2025-03-26T07:21:09,PROD0190,2,2510.84,5021.68
ORD00042,CUST0065,2025-03-26T07:21:09,PROD0147,1,2294.06,2294.06
ORD00044,CUST0048,2025-02-02T05:10:09,PROD0174,1,3960.73,3960.73
ORD00044,CUST0048,2025-02-02T05:10:09,PROD0166,1,1534.11,1534.11
ORD00047,CUST0086,2025-04-15T09:07:09,PROD0080,1,3900.89,3900.89
ORD00045,CUST0037,2025-01-18T16:38:09,PROD0155,2,2224.69,4449.38
ORD00045,CUST0037,2025-01-18T16:38:09,PROD0150,1,5250.8,5250.8
ORD00043,CUST0008,2025-04-28T20:35:09,PROD0088,3,3228.16,9684.47
ORD00043,CUST0008,2025-04-28T20:35:09,PROD0166,1,1508.08,1508.08
ORD00043,CUST0008,2025-04-28T20:35:09,PROD0113,3,1306.03,3918.08
ORD00046,CUST0090,2025-08-16T04:52:09,PROD0022,1,3006.6,3006.6
ORD00046,CUST0090,2025-08-16T04:52:09,PROD0085,2,2581.77,5163.54
ORD00050,CUST0097,2025-04-28T00:18:09,PROD0121,2,2140.52,4281.04
ORD00048,CUST0018,2024-11-28T19:02:09,PROD0026,1,4240.79,4240.79
ORD00048,CUST0018,2024-11-28T19:02:09,PROD0190,2,2301.85,4603.71
ORD00048,CUST0018,2024-11-28T19:02:09,PROD0087,2,1775.63,3551.26
ORD00051,CUST0060,2025-02-02T05:16:09,PROD0042,2,2601.78,5203.57
ORD00051,CUST0060,2025-02-02T05:16:09,PROD0036,2,4309.1,8618.21
ORD00049,CUST0021,2024-12-12T15:33:09,PROD0043,1,3054.2,3054.2
ORD00049,CUST0021,2024-12-12T15:33:09,PROD0094,1,1427.39,1427.39
ORD00053,CUST0029,2025-04-29T04:43:09,PROD0014,1,3214.37,3214.37
ORD00052,CUST0071,2024-11-02T15:38:09,PROD0032,1,3733.41,3733.41
ORD00052,CUST0071,2024-11-02T15:38:09,PROD0070,1,4001.98,4001.98
ORD00054,CUST0048,2025-01-02T17:04:09,PROD0183,1,4939.63,4939.63
ORD00054,CUST0048,2025-01-02T17:04:09,PROD0036,1,5128.12,5128.12
ORD00054,CUST0048,2025-01-02T17:04:09,PROD0121,1,2115.34,2115.34
ORD00054,CUST0048,2025-01-02T17:04:09,PROD0181,1,2503.95,2503.95
ORD00055,CUST0028,2024-11-26T10:30:09,PROD0109,1,3071.52,3071.52
ORD00055,CUST0028,2024-11-26T10:30:09,PROD0078,1,2936.67,2936.67
ORD00061,CUST0070,2025-05-11T00:46:09,PROD0049,1,1018.33,1018.33
ORD00061,CUST0070,2025-05-11T00:46:09,PROD0013,2,2413.23,4826.45
ORD00056,CUST0015,2025-05-24T12:18:09,PROD0132,1,4122.39,4122.39
ORD00072,CUST0064,2024-09-24T04:19:09,PROD0120,2,1179.21,2358.41
ORD00072,CUST0064,2024-09-24T04:19:09,PROD0157,2,3955.13,7910.27
ORD00063,CUST0078,2024-12-12T10:02:09,PROD0021,1,4558.45,4558.45
ORD00058,CUST0068,2025-06-16T09:34:09,PROD0142,1,481.65,481.65
ORD00058,CUST0068,2025-06-16T09:34:09,PROD0012,1,1109.86,1109.86
ORD00058,CUST0068,2025-06-16T09:34:09,PROD0065,1,2817.3,2817.3
ORD00058,CUST0068,2025-06-16T09:34:09,PROD0018,1,4805.39,4805.39
ORD00058,CUST0068,2025-06-16T09:34:09,PROD0161,1,3197.3,3197.3
ORD00073,CUST0093,2025-05-14T09:10:09,PROD0148,1,5017.69,5017.69
ORD00073,CUST0093,2025-05-14T09:10:09,PROD0165,1,3979.22,3979.22
ORD00074,CUST0100,2025-06-20T13:21:09,PROD0034,1,2281.24,2281.24
ORD00075,CUST0067,2024-11-28T01:54:09,PROD0182,1,4168.65,4168.65
ORD00065,CUST0036,2025-08-03T17:48:09,PROD0104,1,3185.02,3185.02
ORD00065,CUST0036,2025-08-03T17:48:09,PROD0174,1,3393.05,3393.05
ORD00079,CUST0088,2025-04-06T02:13:09,PROD0016,1,3962.33,3962.33
ORD00078,CUST0054,2025-07-24T12:45:09,PROD0161,1,3235.05,3235.05
ORD00077,CUST0073,2024-10-01T16:49:09,PROD0165,1,3818.01,3818.01
ORD00083,CUST0066,2025-05-08T08:40:09,PROD0006,1,3264.85,3264.85
ORD00081,CUST0031,2025-05-06T20:01:09,PROD0037,1,1851.79,1851.79
ORD00082,CUST0054,2025-01-15T22:36:09,PROD0148,1,4300.17,4300.17
ORD00080,CUST0078,2024-11-23T03:39:09,PROD0188,3,1900.44,5701.32
ORD00080,CUST0078,2024-11-23T03:39:09,PROD0103,1,1381.94,1381.94
ORD00076,CUST0011,2025-01-16T23:24:09,PROD0071,1,1698.91,1698.91
ORD00076,CUST0011,2025-01-16T23:24:09,PROD0137,1,895.89,895.89
ORD00076,CUST0011,2025-01-16T23:24:09,PROD0152,2,3998.68,7997.36
ORD00076,CUST0011,2025-01-16T23:24:09,PROD0169,1,2719.32,2719.32
ORD00064,CUST0055,2024-12-05T15:12:09,PROD0011,1,2494.0,2494.0
ORD00084,CUST0028,2025-07-06T03:47:09,PROD0127,1,450.48,450.48
ORD00071,CUST0090,2025-08-02T22:34:09,PROD0058,1,974.83,974.83
ORD00085,CUST0002,2024-11-05T05:52:09,PROD0187,1,3472.37,3472.37
ORD00085,CUST0002,2024-11-05T05:52:09,PROD0012,1,1026.68,1026.68
ORD00085,CUST0002,2024-11-05T05:52:09,PROD0050,1,1599.78,1599.78
ORD00087,CUST0067,2025-05-01T21:22:09,PROD0036,1,4840.04,4840.04
ORD00087,CUST0067,2025-05-01T21:22:09,PROD0042,1,2511.11,2511.11
ORD00087,CUST0067,2025-05-01T21:22:09,PROD0077,1,3687.68,3687.68
ORD00089,CUST0084,2025-07-04T10:58:09,PROD0150,1,4870.31,4870.31
ORD00089,CUST0084,2025-07-04T10:58:09,PROD0185,1,2078.47,2078.47
ORD00090,CUST0032,2024-09-27T11:28:09,PROD0005,1,3257.52,3257.52
ORD00091,CUST0053,2025-05-25T12:42:09,PROD0189,1,2604.84,2604.84
ORD00092,CUST0042,2025-08-16T08:17:09,PROD0045,1,4632.22,4632.22
ORD00062,CUST0056,2025-04-03T16:12:09,PROD0099,1,1303.91,1303.91
ORD00062,CUST0056,2025-04-03T16:12:09,PROD0178,1,3953.18,3953.18
ORD00062,CUST0056,2025-04-03T16:12:09,PROD0133,1,3045.48,3045.48
ORD00086,CUST0098,2025-06-19T01:36:09,PROD0175,1,1312.15,1312.15
ORD00086,CUST0098,2025-06-19T01:36:09,PROD0025,1,2412.2,2412.2
ORD00086,CUST0098,2025-06-19T01:36:09,PROD0087,1,1688.05,1688.05
ORD00086,CUST0098,2025-06-19T01:36:09,PROD0037,1,1936.42,1936.42
ORD00086,CUST0098,2025-06-19T01:36:09,PROD0129,1,1354.17,1354.17
ORD00094,CUST0091,2024-12-26T15:29:09,PROD0123,1,3113.21,3113.21
ORD00088,CUST0091,2025-06-26T02:14:09,PROD0095,1,1443.47,1443.47
ORD00088,CUST0091,2025-06-26T02:14:09,PROD0107,1,716.75,716.75
ORD00088,CUST0091,2025-06-26T02:14:09,PROD0186,2,272.93,545.86
ORD00100,CUST0082,2025-04-06T06:16:09,PROD0103,1,1329.23,1329.23
ORD00069,CUST0100,2025-01-22T15:12:09,PROD0157,1,4692.09,4692.09
ORD00066,CUST0057,2024-09-27T20:48:09,PROD0166,1,1551.0,1551.0
ORD00099,CUST0070,2025-06-06T08:40:09,PROD0130,1,3331.36,3331.36
ORD00099,CUST0070,2025-06-06T08:40:09,PROD0029,1,1266.71,1266.71
ORD00099,CUST0070,2025-06-06T08:40:09,PROD0166,1,1488.53,1488.53
ORD00099,CUST0070,2025-06-06T08:40:09,PROD0189,1,2399.32,2399.32
ORD00095,CUST0074,2025-08-23T10:08:09,PROD0102,2,1088.88,2177.76
ORD00095,CUST0074,2025-08-23T10:08:09,PROD0038,1,1463.22,1463.22
ORD00095,CUST0074,2025-08-23T10:08:09,PROD0183,1,5063.44,5063.44
ORD00057,CUST0079,2025-03-10T00:20:09,PROD0171,1,4201.52,4201.52
ORD00096,CUST0028,2024-12-23T10:01:09,PROD0179,1,2692.36,2692.36
ORD00096,CUST0028,2024-12-23T10:01:09,PROD0190,1,2405.7,2405.7
ORD00096,CUST0028,2024-12-23T10:01:09,PROD0172,2,2184.29,4368.58
ORD00096,CUST0028,2024-12-23T10:01:09,PROD0060,1,3305.49,3305.49
ORD00060,CUST0059,2024-09-29T01:56:09,PROD0052,2,1374.73,2749.45
ORD00093,CUST0099,2025-08-25T13:35:09,PROD0157,1,4727.48,4727.48
ORD00093,CUST0099,2025-08-25T13:35:09,PROD0072,1,369.81,369.81
ORD00059,CUST0046,2025-06-17T03:36:09,PROD0200,1,4788.37,4788.37
ORD00059,CUST0046,2025-06-17T03:36:09,PROD0123,1,3043.19,3043.19
ORD00097,CUST0099,2024-11-19T17:19:09,PROD0041,1,2681.36,2681.36
ORD00097,CUST0099,2024-11-19T17:19:09,PROD0122,1,4048.88,4048.88
ORD00097,CUST0099,2024-11-19T17:19:09,PROD0074,1,589.12,589.12
ORD00097,CUST0099,2024-11-19T17:19:09,PROD0197,1,3315.12,3315.12
ORD00097,CUST0099,2024-11-19T17:19:09,PROD0137,1,932.37,932.37
ORD00101,CUST0032,2024-09-14T01:08:09,PROD0193,1,121.68,121.68
ORD00098,CUST0023,2025-04-11T22:43:09,PROD0102,1,935.51,935.51
ORD00098,CUST0023,2025-04-11T22:43:09,PROD0192,3,589.89,1769.66
ORD00098,CUST0023,2025-04-11T22:43:09,PROD0010,1,4987.36,4987.36
ORD00098,CUST0023,2025-04-11T22:43:09,PROD0028,2,2153.89,4307.77
ORD00068,CUST0084,2025-01-30T23:51:09,PROD0048,1,3158.57,3158.57
ORD00110,CUST0097,2024-09-22T02:13:09,PROD0140,1,3428.84,3428.84
ORD00110,CUST0097,2024-09-22T02:13:09,PROD0059,1,779.54,779.54
ORD00115,CUST0054,2025-06-23T08:52:09,PROD0066,1,2072.52,2072.52
ORD00070,CUST0018,2024-10-18T06:55:09,PROD0114,3,652.91,1958.72
ORD00070,CUST0018,2024-10-18T06:55:09,PROD0082,1,1490.65,1490.65
ORD00070,CUST0018,2024-10-18T06:55:09,PROD0141,1,2725.15,2725.15
ORD00117,CUST0025,2025-07-08T16:26:09,PROD0123,1,3097.93,3097.93
ORD00117,CUST0025,2025-07-08T16:26:09,PROD0078,3,2798.4,8395.19
ORD00103,CUST0082,2025-02-09T04:23:09,PROD0035,1,1960.1,1960.1
ORD00108,CUST0053,2024-12-11T21:33:09,PROD0187,1,3484.48,3484.48
ORD00108,CUST0053,2024-12-11T21:33:09,PROD0098,1,1828.19,1828.19
ORD00113,CUST0100,2024-10-08T21:16:09,PROD0060,2,3519.58,7039.15
ORD00113,CUST0100,2024-10-08T21:16:09,PROD0082,1,1508.67,1508.67
ORD00113,CUST0100,2024-10-08T21:16:09,PROD0083,1,4048.17,4048.17
ORD00113,CUST0100,2024-10-08T21:16:09,PROD0170,1,2524.51,2524.51
ORD00113,CUST0100,2024-10-08T21:16:09,PROD0071,1,1927.32,1927.32
ORD00111,CUST0093,2024-11-06T18:35:09,PROD0158,1,3559.12,3559.12
ORD00111,CUST0093,2024-11-06T18:35:09,PROD0005,1,3024.74,3024.74
ORD00107,CUST0040,2024-09-22T05:00:09,PROD0191,1,3983.13,3983.13
ORD00107,CUST0040,2024-09-22T05:00:09,PROD0109,1,2927.61,2927.61
ORD00107,CUST0040,2024-09-22T05:00:09,PROD0016,2,3682.94,7365.88
ORD00118,CUST0016,2025-05-14T00:28:09,PROD0053,1,1231.03,1231.03
ORD00118,CUST0016,2025-05-14T00:28:09,PROD0083,1,3675.0,3675.0
ORD00106,CUST0066,2025-04-26T18:13:09,PROD0107,1,616.74,616.74
ORD00120,CUST0095,2024-11-23T17:00:09,PROD0150,1,4766.92,4766.92
ORD00120,CUST0095,2024-11-23T17:00:09,PROD0040,1,3792.86,3792.86
ORD00119,CUST0040,2025-01-22T04:16:09,PROD0120,1,1279.5,1279.5
ORD00119,CUST0040,2025-01-22T04:16:09,PROD0121,1,2198.07,2198.07
ORD00119,CUST0040,2025-01-22T04:16:09,PROD0053,1,1276.38,1276.38
ORD00121,CUST0064,2025-06-19T13:27:09,PROD0196,2,1886.91,3773.81
ORD00123,CUST0086,2024-10-04T17:10:09,PROD0162,1,1101.43,1101.43
ORD00125,CUST0093,2025-01-29T10:02:09,PROD0179,1,3099.46,3099.46
ORD00112,CUST0077,2025-08-21T15:39:09,PROD0190,1,2505.38,2505.38
ORD00122,CUST0094,2025-03-09T21:52:09,PROD0126,1,891.86,891.86
ORD00122,CUST0094,2025-03-09T21:52:09,PROD0165,3,4025.79,12077.36
ORD00126,CUST0013,2025-06-05T20:59:09,PROD0135,1,3161.01,3161.01
ORD00124,CUST0059,2025-03-20T18:23:09,PROD0158,2,3410.72,6821.44
ORD00124,CUST0059,2025-03-20T18:23:09,PROD0005,1,3345.51,3345.51
ORD00131,CUST0045,2024-10-07T20:11:09,PROD0020,1,5205.85,5205.85
ORD00132,CUST0100,2025-02-24T17:24:09,PROD0116,1,777.95,777.95
ORD00129,CUST0088,2025-02-01T10:20:09,PROD0046,2,176.67,353.34
ORD00129,CUST0088,2025-02-01T10:20:09,PROD0054,1,153.31,153.31
ORD00128,CUST0043,2025-06-26T20:41:09,PROD0011,1,2489.24,2489.24
ORD00128,CUST0043,2025-06-26T20:41:09,PROD0178,2,3626.09,7252.19
ORD00067,CUST0020,2025-08-24T07:07:09,PROD0196,1,1600.82,1600.82
ORD00109,CUST0088,2025-08-15T09:52:09,PROD0090,1,520.48,520.48
ORD00109,CUST0088,2025-08-15T09:52:09,PROD0101,1,671.05,671.05
ORD00133,CUST0088,2025-07-07T14:08:09,PROD0159,1,1989.31,1989.31
ORD00134,CUST0020,2025-03-24T15:34:09,PROD0190,1,2465.68,2465.68
ORD00134,CUST0020,2025-03-24T15:34:09,PROD0024,1,2170.71,2170.71
ORD00102,CUST0002,2025-01-22T13:07:09,PROD0016,1,4002.45,4002.45
ORD00102,CUST0002,2025-01-22T13:07:09,PROD0041,1,2467.98,2467.98
ORD00130,CUST0039,2024-12-03T10:59:09,PROD0100,1,652.5,652.5
ORD00130,CUST0039,2024-12-03T10:59:09,PROD0099,1,1290.87,1290.87
ORD00104,CUST0090,2025-06-19T08:32:09,PROD0171,2,4400.89,8801.79
ORD00104,CUST0090,2025-06-19T08:32:09,PROD0175,1,1523.2,1523.2
ORD00116,CUST0012,2025-06-12T16:37:09,PROD0069,1,4348.36,4348.36
ORD00135,CUST0014,2024-11-16T18:55:09,PROD0143,1,3618.15,3618.15
ORD00138,CUST0054,2025-02-11T08:34:09,PROD0065,2,3028.32,6056.64
ORD00105,CUST0068,2025-09-06T03:48:09,PROD0029,1,1222.28,1222.28
ORD00105,CUST0068,2025-09-06T03:48:09,PROD0130,1,3575.45,3575.45
ORD00105,CUST0068,2025-09-06T03:48:09,PROD0043,1,3374.59,3374.59
ORD00105,CUST0068,2025-09-06T03:48:09,PROD0030,1,4664.43,4664.43
ORD00127,CUST0052,2025-05-04T10:59:09,PROD0058,1,1104.87,1104.87
ORD00127,CUST0052,2025-05-04T10:59:09,PROD0021,1,5093.2,5093.2
ORD00127,CUST0052,2025-05-04T10:59:09,PROD0195,1,412.44,412.44
ORD00127,CUST0052,2025-05-04T10:59:09,PROD0097,1,1964.82,1964.82
ORD00127,CUST0052,2025-05-04T10:59:09,PROD0003,1,2050.15,2050.15
ORD00137,CUST0022,2025-08-27T04:54:09,PROD0078,1,2879.34,2879.34
ORD00136,CUST0071,2024-10-28T12:22:09,PROD0099,1,1367.06,1367.06
ORD00136,CUST0071,2024-10-28T12:22:09,PROD0200,1,4718.76,4718.76
ORD00114,CUST0055,2025-06-22T07:47:09,PROD0165,1,4235.62,4235.62
ORD00114,CUST0055,2025-06-22T07:47:09,PROD0082,1,1404.44,1404.44
ORD00114,CUST0055,2025-06-22T07:47:09,PROD0077,1,3869.66,3869.66
ORD00114,CUST0055,2025-06-22T07:47:09,PROD0122,1,4071.19,4071.19
ORD00114,CUST0055,2025-06-22T07:47:09,PROD0182,1,3797.93,3797.93
ORD00141,CUST0051,2025-02-21T02:31:09,PROD0126,3,874.09,2622.28
ORD00141,CUST0051,2025-02-21T02:31:09,PROD0084,1,3570.06,3570.06
ORD00139,CUST0026,2025-05-02T19:52:09,PROD0102,1,1022.12,1022.12
ORD00145,CUST0069,2025-07-12T13:42:09,PROD0197,1,3374.29,3374.29
ORD00140,CUST0056,2025-08-10T11:52:09,PROD0155,2,2163.7,4327.4
ORD00142,CUST0073,2024-12-22T11:18:09,PROD0197,1,3562.66,3562.66
ORD00148,CUST0020,2025-03-05T17:14:09,PROD0107,2,620.55,1241.1
ORD00144,CUST0010,2025-04-28T12:14:09,PROD0137,1,944.58,944.58
ORD00144,CUST0010,2025-04-28T12:14:09,PROD0178,1,3306.35,3306.35
ORD00143,CUST0027,2025-04-23T02:37:09,PROD0105,1,1406.99,1406.99
ORD00143,CUST0027,2025-04-23T02:37:09,PROD0078,1,3197.1,3197.1
ORD00147,CUST0072,2025-07-05T15:20:09,PROD0096,1,2522.96,2522.96
ORD00146,CUST0006,2025-06-26T13:27:09,PROD0193,1,133.43,133.43
ORD00146,CUST0006,2025-06-26T13:27:09,PROD0028,1,2119.89,2119.89
ORD00149,CUST0044,2025-05-01T23:17:09,PROD0122,1,4499.08,4499.08
ORD00150,CUST0039,2024-10-03T14:51:09,PROD0088,1,3645.6,3645.6
ORD00154,CUST0041,2025-07-13T05:23:09,PROD0030,1,4779.41,4779.41
ORD00166,CUST0096,2025-01-31T15:43:09,PROD0117,3,4584.16,13752.47
ORD00166,CUST0096,2025-01-31T15:43:09,PROD0001,2,1572.3,3144.6
ORD00166,CUST0096,2025-01-31T15:43:09,PROD0024,1,2238.51,2238.51
ORD00152,CUST0056,2025-03-31T17:31:09,PROD0051,1,1696.39,1696.39
ORD00152,CUST0056,2025-03-31T17:31:09,PROD0002,1,2873.32,2873.32
ORD00159,CUST0029,2025-02-06T18:01:09,PROD0074,1,567.53,567.53
ORD00167,CUST0069,2025-04-01T23:11:09,PROD0127,1,449.25,449.25
ORD00167,CUST0069,2025-04-01T23:11:09,PROD0087,1,1606.52,1606.52
ORD00167,CUST0069,2025-04-01T23:11:09,PROD0125,1,3394.33,3394.33
ORD00156,CUST0054,2025-07-12T21:20:09,PROD0048,1,3255.77,3255.77
ORD00169,CUST0084,2024-12-03T18:09:09,PROD0186,1,251.9,251.9
ORD00169,CUST0084,2024-12-03T18:09:09,PROD0168,1,2145.19,2145.19
ORD00170,CUST0017,2025-07-11T00:17:09,PROD0003,1,2166.86,2166.86
ORD00170,CUST0017,2025-07-11T00:17:09,PROD0031,3,784.23,2352.7
ORD00168,CUST0081,2025-05-03T16:51:09,PROD0041,1,2220.4,2220.4
ORD00168,CUST0081,2025-05-03T16:51:09,PROD0110,1,578.85,578.85
ORD00168,CUST0081,2025-05-03T16:51:09,PROD0034,2,2024.54,4049.09
ORD00168,CUST0081,2025-05-03T16:51:09,PROD0071,1,1719.29,1719.29
ORD00172,CUST0002,2025-07-20T12:54:09,PROD0185,1,2042.32,2042.32
ORD00173,CUST0057,2024-12-30T19:41:09,PROD0193,1,131.76,131.76
ORD00153,CUST0069,2024-12-15T04:04:09,PROD0030,1,4794.71,4794.71
ORD00171,CUST0030,2025-03-25T19:30:09,PROD0027,1,2635.35,2635.35
ORD00171,CUST0030,2025-03-25T19:30:09,PROD0036,1,5029.64,5029.64
ORD00171,CUST0030,2025-03-25T19:30:09,PROD0035,1,2047.98,2047.98
ORD00174,CUST0041,2024-11-21T00:01:09,PROD0064,1,596.79,596.79
ORD00174,CUST0041,2024-11-21T00:01:09,PROD0156,1,1795.85,1795.85
ORD00175,CUST0085,2025-02-11T23:17:09,PROD0049,1,910.73,910.73
ORD00175,CUST0085,2025-02-11T23:17:09,PROD0014,1,3491.24,3491.24
ORD00177,CUST0070,2025-08-25T22:32:09,PROD0198,1,4343.68,4343.68
ORD00176,CUST0015,2025-01-12T08:24:09,PROD0136,2,3737.63,7475.27
ORD00176,CUST0015,2025-01-12T08:24:09,PROD0093,2,2101.49,4202.99
ORD00165,CUST0074,2025-07-31T01:24:09,PROD0116,1,848.25,848.25
ORD00178,CUST0006,2024-10-11T05:16:09,PROD0183,1,4588.67,4588.67
ORD00179,CUST0069,2025-06-13T11:53:09,PROD0080,1,4485.7,4485.7
ORD00182,CUST0093,2025-01-20T22:07:09,PROD0200,2,4571.81,9143.61
ORD00181,CUST0078,2024-10-09T02:26:09,PROD0190,1,2289.13,2289.13
ORD00181,CUST0078,2024-10-09T02:26:09,PROD0036,1,4414.79,4414.79
ORD00157,CUST0063,2025-02-04T20:55:09,PROD0116,1,859.61,859.61
ORD00151,CUST0095,2025-01-13T08:55:09,PROD0085,1,2725.76,2725.76
ORD00151,CUST0095,2025-01-13T08:55:09,PROD0060,1,3451.12,3451.12
ORD00160,CUST0015,2025-06-30T20:01:09,PROD0094,1,1583.84,1583.84
ORD00160,CUST0015,2025-06-30T20:01:09,PROD0195,1,424.3,424.3
ORD00162,CUST0027,2024-12-24T18:20:09,PROD0072,1,365.38,365.38
ORD00155,CUST0087,2025-09-07T02:42:09,PROD0022,1,2967.45,2967.45
ORD00155,CUST0087,2025-09-07T02:42:09,PROD0062,1,824.74,824.74
ORD00164,CUST0017,2025-09-04T20:59:09,PROD0083,2,3961.74,7923.48
ORD00161,CUST0084,2025-01-15T02:39:09,PROD0116,1,859.08,859.08
ORD00161,CUST0084,2025-01-15T02:39:09,PROD0023,1,2375.99,2375.99
ORD00161,CUST0084,2025-01-15T02:39:09,PROD0199,2,1819.0,3638.0
ORD00161,CUST0084,2025-01-15T02:39:09,PROD0189,1,2427.14,2427.14
ORD00161,CUST0084,2025-01-15T02:39:09,PROD0182,1,3771.25,3771.25
ORD00163,CUST0035,2025-06-01T14:36:09,PROD0193,1,136.52,136.52
ORD00184,CUST0073,2024-12-05T03:54:09,PROD0027,2,2534.04,5068.07
ORD00188,CUST0048,2025-07-10T08:33:09,PROD0188,2,2063.26,4126.51
ORD00188,CUST0048,2025-07-10T08:33:09,PROD0063,1,4237.35,4237.35
ORD00191,CUST0051,2024-10-19T11:20:09,PROD0170,3,2433.68,7301.03
ORD00193,CUST0075,2024-11-04T20:50:09,PROD0120,1,1078.62,1078.62
ORD00187,CUST0067,2024-10-04T04:48:09,PROD0073,1,108.37,108.37
ORD00187,CUST0067,2024-10-04T04:48:09,PROD0023,1,1949.58,1949.58
ORD00187,CUST0067,2024-10-04T04:48:09,PROD0052,1,1508.59,1508.59
ORD00158,CUST0025,2025-03-26T10:16:09,PROD0105,1,1490.83,1490.83
ORD00158,CUST0025,2025-03-26T10:16:09,PROD0114,1,563.42,563.42
ORD00180,CUST0051,2025-07-08T13:32:09,PROD0175,1,1363.61,1363.61
ORD00180,CUST0051,2025-07-08T13:32:09,PROD0112,1,1856.82,1856.82
ORD00180,CUST0051,2025-07-08T13:32:09,PROD0015,1,4234.66,4234.66
ORD00183,CUST0004,2025-03-01T06:01:09,PROD0068,1,562.91,562.91
ORD00183,CUST0004,2025-03-01T06:01:09,PROD0020,1,4950.72,4950.72
ORD00204,CUST0064,2025-06-15T01:55:09,PROD0024,1,2303.17,2303.17
ORD00203,CUST0029,2025-07-02T05:06:09,PROD0045,1,4686.88,4686.88
ORD00203,CUST0029,2025-07-02T05:06:09,PROD0189,1,2709.03,2709.03
ORD00203,CUST0029,2025-07-02T05:06:09,PROD0008,1,3280.07,3280.07
ORD00203,CUST0029,2025-07-02T05:06:09,PROD0146,1,2939.05,2939.05
ORD00199,CUST0080,2025-07-23T00:25:09,PROD0106,2,1539.74,3079.47
ORD00201,CUST0073,2025-05-26T03:08:09,PROD0007,1,483.48,483.48
ORD00198,CUST0012,2025-02-26T19:46:09,PROD0013,1,2534.07,2534.07
ORD00198,CUST0012,2025-02-26T19:46:09,PROD0186,1,241.01,241.01
ORD00198,CUST0012,2025-02-26T19:46:09,PROD0175,1,1376.02,1376.02
ORD00198,CUST0012,2025-02-26T19:46:09,PROD0048,1,3196.72,3196.72
ORD00189,CUST0045,2025-08-02T15:40:09,PROD0086,1,2540.87,2540.87
ORD00202,CUST0061,2025-06-09T04:33:09,PROD0060,3,3094.8,9284.41
ORD00202,CUST0061,2025-06-09T04:33:09,PROD0169,1,2533.92,2533.92
ORD00186,CUST0032,2025-04-12T16:04:09,PROD0020,1,4564.03,4564.03
ORD00192,CUST0051,2025-09-04T16:04:09,PROD0070,1,4345.39,4345.39
ORD00200,CUST0018,2025-04-12T23:25:09,PROD0135,1,3577.52,3577.52
ORD00200,CUST0018,2025-04-12T23:25:09,PROD0140,1,3857.6,3857.6
ORD00200,CUST0018,2025-04-12T23:25:09,PROD0183,1,4709.18,4709.18
ORD00190,CUST0068,2025-01-10T06:15:09,PROD0037,1,1775.56,1775.56
ORD00190,CUST0068,2025-01-10T06:15:09,PROD0060,2,3377.11,6754.23
ORD00190,CUST0068,2025-01-10T06:15:09,PROD0180,2,4297.04,8594.08
ORD00190,CUST0068,2025-01-10T06:15:09,PROD0192,1,499.6,499.6
ORD00206,CUST0010,2025-03-21T15:26:09,PROD0026,1,4058.05,4058.05
ORD00205,CUST0001,2025-02-27T11:56:09,PROD0088,1,3815.75,3815.75
ORD00205,CUST0001,2025-02-27T11:56:09,PROD0083,1,3499.6,3499.6
ORD00205,CUST0001,2025-02-27T11:56:09,PROD0181,2,2581.79,5163.58
ORD00208,CUST0029,2025-08-17T11:36:09,PROD0079,1,3724.84,3724.84
ORD00211,CUST0094,2025-04-12T22:40:09,PROD0097,1,2102.48,2102.48
ORD00207,CUST0056,2025-08-04T08:25:09,PROD0182,3,3974.34,11923.02
ORD00210,CUST0034,2024-12-27T00:28:09,PROD0066,1,2102.2,2102.2
ORD00209,CUST0090,2025-07-01T05:38:09,PROD0146,1,2961.85,2961.85
ORD00209,CUST0090,2025-07-01T05:38:09,PROD0157,1,4388.09,4388.09
ORD00209,CUST0090,2025-07-01T05:38:09,PROD0128,1,2391.87,2391.87
ORD00209,CUST0090,2025-07-01T05:38:09,PROD0061,1,2267.02,2267.02
ORD00209,CUST0090,2025-07-01T05:38:09,PROD0163,2,4260.15,8520.31
ORD00214,CUST0056,2024-11-29T17:50:09,PROD0049,1,959.84,959.84
ORD00213,CUST0014,2024-10-18T02:54:09,PROD0042,1,2477.02,2477.02
ORD00213,CUST0014,2024-10-18T02:54:09,PROD0024,1,2476.35,2476.35
ORD00213,CUST0014,2024-10-18T02:54:09,PROD0124,1,4736.58,4736.58
ORD00217,CUST0015,2025-02-15T05:14:09,PROD0170,1,2641.81,2641.81
ORD00215,CUST0037,2025-02-09T23:50:09,PROD0147,1,2374.67,2374.67
ORD00212,CUST0074,2025-08-10T13:58:09,PROD0019,1,643.77,643.77
ORD00218,CUST0049,2025-03-18T22:12:09,PROD0113,1,1228.61,1228.61
ORD00219,CUST0020,2025-09-02T13:50:09,PROD0089,2,98.53,197.05
ORD00216,CUST0055,2024-10-25T02:36:09,PROD0154,1,3748.52,3748.52
ORD00216,CUST0055,2024-10-25T02:36:09,PROD0053,1,1244.66,1244.66
ORD00223,CUST0073,2024-11-01T02:39:09,PROD0089,2,95.52,191.04
ORD00223,CUST0073,2024-11-01T02:39:09,PROD0168,1,2385.04,2385.04
ORD00224,CUST0052,2024-11-23T12:22:09,PROD0103,1,1529.21,1529.21
ORD00224,CUST0052,2024-11-23T12:22:09,PROD0085,1,2271.75,2271.75
ORD00221,CUST0097,2025-04-27T21:54:09,PROD0050,1,1644.8,1644.8
ORD00221,CUST0097,2025-04-27T21:54:09,PROD0175,1,1558.39,1558.39
ORD00221,CUST0097,2025-04-27T21:54:09,PROD0161,1,3205.57,3205.57
ORD00221,CUST0097,2025-04-27T21:54:09,PROD0082,2,1549.2,3098.4
ORD00221,CUST0097,2025-04-27T21:54:09,PROD0018,1,4643.24,4643.24
ORD00226,CUST0096,2025-04-25T03:01:09,PROD0155,1,2157.75,2157.75
ORD00226,CUST0096,2025-04-25T03:01:09,PROD0055,2,4906.72,9813.44
ORD00225,CUST0048,2024-09-21T03:36:09,PROD0080,1,4130.46,4130.46
ORD00225,CUST0048,2024-09-21T03:36:09,PROD0179,1,3196.62,3196.62
ORD00229,CUST0031,2025-03-20T08:22:09,PROD0122,1,4178.38,4178.38
ORD00227,CUST0048,2024-10-09T09:34:09,PROD0080,1,4057.44,4057.44
ORD00230,CUST0034,2025-08-28T19:02:09,PROD0013,1,2533.26,2533.26
ORD00220,CUST0008,2025-03-28T09:10:09,PROD0176,2,1723.66,3447.31
ORD00220,CUST0008,2025-03-28T09:10:09,PROD0061,1,2153.87,2153.87
ORD00220,CUST0008,2025-03-28T09:10:09,PROD0183,1,4734.11,4734.11
ORD00220,CUST0008,2025-03-28T09:10:09,PROD0133,2,3440.84,6881.69
ORD00231,CUST0083,2025-01-04T13:57:09,PROD0105,1,1627.01,1627.01
ORD00228,CUST0004,2024-12-07T23:40:09,PROD0015,1,3869.18,3869.18
ORD00228,CUST0004,2024-12-07T23:40:09,PROD0093,1,2165.92,2165.92
ORD00228,CUST0004,2024-12-07T23:40:09,PROD0119,1,3133.9,3133.9
ORD00234,CUST0077,2025-07-19T02:03:09,PROD0124,1,5271.61,5271.61
ORD00234,CUST0077,2025-07-19T02:03:09,PROD0164,1,622.01,622.01
ORD00232,CUST0017,2025-08-07T22:22:09,PROD0058,1,1100.1,1100.1
ORD00232,CUST0017,2025-08-07T22:22:09,PROD0079,1,4047.14,4047.14
ORD00232,CUST0017,2025-08-07T22:22:09,PROD0071,1,1724.97,1724.97
ORD00236,CUST0075,2025-09-08T11:36:09,PROD0186,1,275.96,275.96
ORD00194,CUST0027,2025-04-30T02:13:09,PROD0031,1,845.62,845.62
ORD00196,CUST0058,2025-06-22T16:19:09,PROD0119,1,3230.57,3230.57
ORD00185,CUST0066,2024-09-11T18:38:09,PROD0063,1,3793.97,3793.97
ORD00185,CUST0066,2024-09-11T18:38:09,PROD0039,1,2964.08,2964.08
ORD00185,CUST0066,2024-09-11T18:38:09,PROD0010,1,5327.84,5327.84
ORD00222,CUST0036,2025-06-04T07:42:09,PROD0180,1,4352.59,4352.59
ORD00222,CUST0036,2025-06-04T07:42:09,PROD0108,1,2593.69,2593.69
ORD00222,CUST0036,2025-06-04T07:42:09,PROD0146,1,3052.4,3052.4
ORD00233,CUST0028,2025-05-07T02:27:09,PROD0160,1,1694.4,1694.4
ORD00233,CUST0028,2025-05-07T02:27:09,PROD0131,3,439.88,1319.63
ORD00238,CUST0043,2025-08-11T18:58:09,PROD0191,2,4285.75,8571.5
ORD00235,CUST0067,2025-01-11T18:35:09,PROD0154,1,3930.03,3930.03
ORD00235,CUST0067,2025-01-11T18:35:09,PROD0036,1,4880.11,4880.11
ORD00235,CUST0067,2025-01-11T18:35:09,PROD0076,1,3493.34,3493.34
ORD00239,CUST0075,2025-02-08T07:38:09,PROD0014,2,3352.61,6705.21
ORD00240,CUST0025,2025-05-24T20:39:09,PROD0136,1,3772.42,3772.42
ORD00240,CUST0025,2025-05-24T20:39:09,PROD0039,1,2551.5,2551.5
ORD00237,CUST0086,2025-03-13T09:03:09,PROD0169,2,2356.45,4712.89
ORD00237,CUST0086,2025-03-13T09:03:09,PROD0025,1,2387.61,2387.61
ORD00237,CUST0086,2025-03-13T09:03:09,PROD0186,2,280.04,560.08
ORD00243,CUST0052,2025-04-18T08:08:09,PROD0137,1,849.21,849.21
ORD00241,CUST0059,2024-11-23T03:39:09,PROD0200,1,4222.08,4222.08
ORD00241,CUST0059,2024-11-23T03:39:09,PROD0046,1,167.26,167.26
ORD00195,CUST0090,2025-07-15T17:57:09,PROD0084,1,3499.32,3499.32
ORD00195,CUST0090,2025-07-15T17:57:09,PROD0092,1,3155.63,3155.63
ORD00195,CUST0090,2025-07-15T17:57:09,PROD0077,1,4043.65,4043.65
ORD00246,CUST0029,2024-11-16T23:30:09,PROD0130,1,3454.73,3454.73
ORD00242,CUST0098,2024-12-06T11:32:09,PROD0196,1,1597.96,1597.96
ORD00248,CUST0015,2025-04-12T07:08:09,PROD0065,1,2698.99,2698.99
ORD00247,CUST0082,2025-01-19T10:23:09,PROD0013,1,2573.87,2573.87
ORD00249,CUST0085,2024-11-01T14:17:09,PROD0156,1,1623.42,1623.42
ORD00251,CUST0038,2024-12-01T18:19:09,PROD0054,1,145.39,145.39
ORD00250,CUST0080,2024-11-10T01:51:09,PROD0128,1,2143.08,2143.08
ORD00250,CUST0080,2024-11-10T01:51:09,PROD0068,2,606.87,1213.74
ORD00245,CUST0022,2024-10-13T18:03:09,PROD0117,1,4839.69,4839.69
ORD00245,CUST0022,2024-10-13T18:03:09,PROD0087,1,1799.48,1799.48
ORD00245,CUST0022,2024-10-13T18:03:09,PROD0035,1,2136.69,2136.69
ORD00245,CUST0022,2024-10-13T18:03:09,PROD0092,1,3236.05,3236.05
ORD00255,CUST0022,2025-02-26T04:41:09,PROD0160,1,1926.62,1926.62
ORD00252,CUST0086,2024-10-25T20:37:09,PROD0127,1,387.01,387.01
ORD00252,CUST0086,2024-10-25T20:37:09,PROD0131,1,420.33,420.33
ORD00244,CUST0097,2025-06-08T22:45:09,PROD0161,1,2973.55,2973.55
ORD00244,CUST0097,2025-06-08T22:45:09,PROD0089,1,92.28,92.28
ORD00254,CUST0041,2025-04-17T15:51:09,PROD0195,2,379.17,758.35
ORD00253,CUST0059,2025-02-09T01:13:09,PROD0045,2,4925.92,9851.84
ORD00257,CUST0076,2025-05-16T11:27:09,PROD0157,1,4208.82,4208.82
ORD00258,CUST0094,2024-11-16T08:42:09,PROD0106,1,1411.18,1411.18
ORD00256,CUST0024,2024-11-08T05:09:09,PROD0070,2,4142.91,8285.82
ORD00256,CUST0024,2024-11-08T05:09:09,PROD0123,1,2950.0,2950.0
ORD00256,CUST0024,2024-11-08T05:09:09,PROD0043,1,3492.78,3492.78
ORD00256,CUST0024,2024-11-08T05:09:09,PROD0016,3,4307.91,12923.73
ORD00259,CUST0087,2025-06-06T16:20:09,PROD0058,3,1072.06,3216.18
ORD00259,CUST0087,2025-06-06T16:20:09,PROD0087,1,1799.99,1799.99
ORD00261,CUST0021,2025-05-27T08:38:09,PROD0043,1,3355.31,3355.31
ORD00265,CUST0059,2025-02-27T10:33:09,PROD0122,1,4190.04,4190.04
ORD00265,CUST0059,2025-02-27T10:33:09,PROD0116,1,842.6,842.6
ORD00260,CUST0085,2025-01-16T08:06:09,PROD0165,1,4278.27,4278.27
ORD00260,CUST0085,2025-01-16T08:06:09,PROD0143,2,3769.18,7538.36
ORD00262,CUST0036,2024-10-06T08:58:09,PROD0097,1,2041.96,2041.96
ORD00262,CUST0036,2024-10-06T08:58:09,PROD0118,1,645.64,645.64
ORD00278,CUST0006,2025-04-18T01:19:09,PROD0042,1,2333.7,2333.7
ORD00197,CUST0100,2025-01-01T20:56:09,PROD0096,1,2602.03,2602.03
ORD00197,CUST0100,2025-01-01T20:56:09,PROD0022,1,2933.94,2933.94
ORD00197,CUST0100,2025-01-01T20:56:09,PROD0020,1,4509.76,4509.76
ORD00263,CUST0058,2025-02-18T20:15:09,PROD0005,1,3253.26,3253.26
ORD00263,CUST0058,2025-02-18T20:15:09,PROD0143,1,3926.2,3926.2
ORD00277,CUST0070,2025-07-15T23:33:09,PROD0050,1,1562.63,1562.63
ORD00277,CUST0070,2025-07-15T23:33:09,PROD0175,1,1548.52,1548.52
ORD00279,CUST0020,2024-09-30T21:43:09,PROD0014,1,3380.17,3380.17
ORD00282,CUST0045,2025-04-27T00:41:09,PROD0160,1,1671.41,1671.41
ORD00282,CUST0045,2025-04-27T00:41:09,PROD0083,1,3987.9,3987.9
ORD00280,CUST0074,2025-06-19T03:48:09,PROD0082,1,1561.45,1561.45
ORD00280,CUST0074,2025-06-19T03:48:09,PROD0134,1,2156.65,2156.65
ORD00283,CUST0070,2025-02-01T17:42:09,PROD0198,1,4527.64,4527.64
ORD00283,CUST0070,2025-02-01T17:42:09,PROD0115,1,2383.01,2383.01
ORD00276,CUST0007,2025-03-25T05:10:09,PROD0176,1,1750.44,1750.44
ORD00276,CUST0007,2025-03-25T05:10:09,PROD0004,1,2427.08,2427.08
ORD00276,CUST0007,2025-03-25T05:10:09,PROD0200,2,4318.56,8637.11
ORD00276,CUST0007,2025-03-25T05:10:09,PROD0058,2,1079.27,2158.55
ORD00281,CUST0052,2024-10-28T03:58:09,PROD0170,1,2497.4,2497.4
ORD00281,CUST0052,2024-10-28T03:58:09,PROD0056,3,3345.52,10036.57
ORD00281,CUST0052,2024-10-28T03:58:09,PROD0122,3,4586.7,13760.09
ORD00268,CUST0076,2025-05-26T21:15:09,PROD0189,1,2719.7,2719.7
ORD00264,CUST0082,2025-02-13T09:19:09,PROD0172,1,2237.53,2237.53
ORD00273,CUST0069,2025-02-04T06:35:09,PROD0028,1,2069.37,2069.37
ORD00270,CUST0065,2025-03-26T06:22:09,PROD0196,1,1690.63,1690.63
ORD00270,CUST0065,2025-03-26T06:22:09,PROD0088,3,3487.66,10462.97
ORD00270,CUST0065,2025-03-26T06:22:09,PROD0035,1,2018.47,2018.47
ORD00270,CUST0065,2025-03-26T06:22:09,PROD0192,1,580.87,580.87
ORD00286,CUST0058,2025-07-30T05:11:09,PROD0100,1,651.76,651.76
ORD00272,CUST0084,2024-12-11T09:18:09,PROD0083,1,3961.22,3961.22
ORD00272,CUST0084,2024-12-11T09:18:09,PROD0144,1,180.55,180.55
ORD00284,CUST0011,2024-10-29T22:33:09,PROD0002,1,2876.37,2876.37
ORD00284,CUST0011,2024-10-29T22:33:09,PROD0162,1,1134.81,1134.81
ORD00271,CUST0092,2025-06-21T12:57:09,PROD0160,1,1909.51,1909.51
ORD00288,CUST0069,2024-12-31T21:31:09,PROD0140,1,3607.88,3607.88
ORD00269,CUST0066,2024-12-10T15:21:09,PROD0033,1,2132.76,2132.76
ORD00289,CUST0094,2025-08-08T03:44:09,PROD0143,1,3348.14,3348.14
ORD00289,CUST0094,2025-08-08T03:44:09,PROD0147,1,2396.66,2396.66
ORD00274,CUST0097,2024-12-02T02:27:09,PROD0016,1,3865.21,3865.21
ORD00266,CUST0046,2025-08-01T02:19:09,PROD0180,1,4676.98,4676.98
ORD00266,CUST0046,2025-08-01T02:19:09,PROD0127,1,439.85,439.85
ORD00275,CUST0058,2024-11-02T12:39:09,PROD0144,2,186.66,373.32
ORD00275,CUST0058,2024-11-02T12:39:09,PROD0144,1,178.42,178.42
ORD00285,CUST0027,2025-06-13T15:40:09,PROD0199,1,2053.38,2053.38
ORD00285,CUST0027,2025-06-13T15:40:09,PROD0019,1,660.86,660.86
ORD00285,CUST0027,2025-06-13T15:40:09,PROD0118,1,577.53,577.53
ORD00285,CUST0027,2025-06-13T15:40:09,PROD0019,1,751.81,751.81
ORD00285,CUST0027,2025-06-13T15:40:09,PROD0143,1,3923.03,3923.03
ORD00287,CUST0096,2025-07-06T18:28:09,PROD0092,2,3195.29,6390.59
ORD00287,CUST0096,2025-07-06T18:28:09,PROD0176,1,1589.11,1589.11
ORD00287,CUST0096,2025-07-06T18:28:09,PROD0196,2,1684.95,3369.89
ORD00292,CUST0086,2025-08-11T23:50:09,PROD0018,2,4424.15,8848.31
ORD00293,CUST0085,2025-02-14T15:21:09,PROD0146,1,2795.8,2795.8
ORD00291,CUST0071,2024-10-18T02:26:09,PROD0026,1,4275.14,4275.14
ORD00267,CUST0079,2024-12-19T22:51:09,PROD0101,1,683.46,683.46
ORD00267,CUST0079,2024-12-19T22:51:09,PROD0049,1,875.07,875.07
ORD00267,CUST0079,2024-12-19T22:51:09,PROD0107,1,694.62,694.62
ORD00267,CUST0079,2024-12-19T22:51:09,PROD0173,1,1047.6,1047.6
ORD00290,CUST0096,2025-03-05T23:10:09,PROD0132,1,3700.12,3700.12
ORD00290,CUST0096,2025-03-05T23:10:09,PROD0158,2,3103.34,6206.69
ORD00290,CUST0096,2025-03-05T23:10:09,PROD0047,1,2882.01,2882.01
ORD00290,CUST0096,2025-03-05T23:10:09,PROD0014,2,3582.64,7165.27
ORD00295,CUST0100,2025-02-14T08:19:09,PROD0166,1,1696.78,1696.78
ORD00296,CUST0026,2025-01-23T16:40:09,PROD0187,1,3199.99,3199.99
ORD00296,CUST0026,2025-01-23T16:40:09,PROD0130,1,3771.37,3771.37
ORD00294,CUST0041,2025-01-15T00:29:09,PROD0112,1,1687.69,1687.69
ORD00294,CUST0041,2025-01-15T00:29:09,PROD0174,1,4027.12,4027.12
ORD00297,CUST0076,2024-12-27T18:19:09,PROD0139,1,2346.21,2346.21
ORD00298,CUST0099,2025-07-09T16:38:09,PROD0119,1,2801.4,2801.4
ORD00299,CUST0085,2025-01-11T12:27:09,PROD0132,1,3680.55,3680.55
ORD00300,CUST0085,2024-11-24T16:30:09,PROD0092,1,3649.9,3649.9
ORD00301,CUST0048,2025-01-07T18:26:09,PROD0093,1,2458.06,2458.06
ORD00303,CUST0029,2025-06-02T05:06:09,PROD0089,1,99.89,99.89
ORD00303,CUST0029,2025-06-02T05:06:09,PROD0155,1,2477.23,2477.23
ORD00303,CUST0029,2025-06-02T05:06:09,PROD0113,1,1189.83,1189.83
ORD00304,CUST0024,2024-11-30T04:22:09,PROD0031,1,783.01,783.01
ORD00304,CUST0024,2024-11-30T04:22:09,PROD0085,1,2487.59,2487.59
ORD00306,CUST0066,2024-10-01T10:53:09,PROD0067,2,427.6,855.2
ORD00302,CUST0084,2025-02-22T20:29:09,PROD0163,2,4952.87,9905.75
ORD00302,CUST0084,2025-02-22T20:29:09,PROD0068,1,562.19,562.19
ORD00302,CUST0084,2025-02-22T20:29:09,PROD0097,1,2098.15,2098.15
ORD00302,CUST0084,2025-02-22T20:29:09,PROD0168,2,2137.09,4274.18
ORD00311,CUST0016,2024-10-28T08:26:09,PROD0155,1,2071.8,2071.8
ORD00305,CUST0076,2024-12-02T13:37:09,PROD0063,1,3957.39,3957.39
ORD00309,CUST0009,2025-01-06T05:08:09,PROD0005,1,3549.45,3549.45
ORD00313,CUST0098,2025-09-02T10:50:09,PROD0066,1,1905.73,1905.73
ORD00314,CUST0070,2025-04-08T00:56:09,PROD0191,1,4422.95,4422.95
ORD00312,CUST0048,2024-10-03T15:17:09,PROD0124,1,4688.47,4688.47
ORD00315,CUST0049,2025-08-11T23:28:09,PROD0105,1,1411.72,1411.72
ORD00315,CUST0049,2025-08-11T23:28:09,PROD0167,1,1970.75,1970.75
ORD00315,CUST0049,2025-08-11T23:28:09,PROD0138,1,3656.38,3656.38
ORD00308,CUST0053,2025-07-14T21:34:09,PROD0197,1,3370.99,3370.99
ORD00308,CUST0053,2025-07-14T21:34:09,PROD0068,1,574.99,574.99
ORD00317,CUST0051,2024-11-20T13:51:09,PROD0115,1,2707.35,2707.35
ORD00317,CUST0051,2024-11-20T13:51:09,PROD0026,1,4123.65,4123.65
ORD00307,CUST0073,2025-08-02T17:40:09,PROD0170,2,2798.71,5597.42
ORD00307,CUST0073,2025-08-02T17:40:09,PROD0056,1,3590.31,3590.31
ORD00318,CUST0079,2025-09-02T14:29:09,PROD0100,3,583.21,1749.63
ORD00319,CUST0061,2025-07-15T05:49:09,PROD0057,1,3865.95,3865.95
ORD00320,CUST0052,2025-07-22T13:17:09,PROD0153,1,3674.31,3674.31
ORD00324,CUST0036,2025-01-04T11:56:09,PROD0104,1,2860.58,2860.58
ORD00316,CUST0051,2024-12-24T06:19:09,PROD0124,1,4859.3,4859.3
ORD00316,CUST0051,2024-12-24T06:19:09,PROD0124,1,4616.83,4616.83
ORD00321,CUST0057,2024-09-15T23:38:09,PROD0133,1,3012.91,3012.91
ORD00321,CUST0057,2024-09-15T23:38:09,PROD0154,1,4238.97,4238.97
ORD00325,CUST0072,2024-10-18T09:02:09,PROD0030,2,4878.82,9757.64
ORD00327,CUST0030,2025-02-19T06:06:09,PROD0003,1,2130.97,2130.97
ORD00327,CUST0030,2025-02-19T06:06:09,PROD0074,1,592.31,592.31
ORD00328,CUST0023,2025-05-12T03:06:09,PROD0147,1,2591.72,2591.72
ORD00310,CUST0020,2025-07-17T19:55:09,PROD0158,1,3555.15,3555.15
ORD00330,CUST0098,2025-06-14T18:38:09,PROD0159,1,2262.44,2262.44
ORD00331,CUST0063,2024-12-13T09:01:09,PROD0193,1,114.74,114.74
ORD00322,CUST0005,2025-03-14T00:25:09,PROD0041,1,2356.2,2356.2
ORD00323,CUST0051,2025-04-06T10:56:09,PROD0189,1,2711.63,2711.63
ORD00323,CUST0051,2025-04-06T10:56:09,PROD0141,1,2694.03,2694.03
ORD00333,CUST0059,2025-02-19T14:44:09,PROD0054,1,134.3,134.3
ORD00329,CUST0026,2025-01-09T15:59:09,PROD0053,1,1385.74,1385.74
ORD00329,CUST0026,2025-01-09T15:59:09,PROD0159,1,2212.49,2212.49
ORD00329,CUST0026,2025-01-09T15:59:09,PROD0031,2,824.62,1649.24
ORD00335,CUST0027,2025-04-13T15:32:09,PROD0103,1,1327.84,1327.84
ORD00332,CUST0070,2024-09-27T09:06:09,PROD0176,1,1717.55,1717.55
ORD00336,CUST0088,2025-01-05T20:30:09,PROD0061,1,2519.52,2519.52
ORD00326,CUST0074,2025-01-17T15:12:09,PROD0145,1,2804.47,2804.47
ORD00326,CUST0074,2025-01-17T15:12:09,PROD0087,3,1720.4,5161.21
ORD00326,CUST0074,2025-01-17T15:12:09,PROD0118,2,682.41,1364.83
ORD00326,CUST0074,2025-01-17T15:12:09,PROD0124,1,4387.17,4387.17
ORD00334,CUST0034,2024-12-15T10:00:09,PROD0121,3,2208.5,6625.5
ORD00338,CUST0041,2025-05-18T02:00:09,PROD0146,1,2669.63,2669.63
ORD00338,CUST0041,2025-05-18T02:00:09,PROD0042,1,2607.95,2607.95
ORD00337,CUST0095,2024-11-26T08:35:09,PROD0108,1,3065.57,3065.57
ORD00339,CUST0013,2025-04-29T16:05:09,PROD0093,1,2464.38,2464.38
ORD00340,CUST0053,2024-11-12T04:39:09,PROD0156,1,1675.26,1675.26
ORD00340,CUST0053,2024-11-12T04:39:09,PROD0167,1,2267.97,2267.97
ORD00341,CUST0087,2025-05-30T08:33:09,PROD0021,1,4549.78,4549.78
ORD00341,CUST0087,2025-05-30T08:33:09,PROD0162,3,1135.5,3406.51
ORD00345,CUST0060,2025-06-14T01:19:09,PROD0179,1,2973.68,2973.68
ORD00349,CUST0025,2025-04-09T10:11:09,PROD0042,1,2525.58,2525.58
ORD00346,CUST0082,2025-06-26T06:17:09,PROD0137,1,844.69,844.69
ORD00346,CUST0082,2025-06-26T06:17:09,PROD0139,1,2041.26,2041.26
ORD00343,CUST0058,2025-04-09T21:55:09,PROD0033,1,2134.62,2134.62
ORD00343,CUST0058,2025-04-09T21:55:09,PROD0191,1,3989.25,3989.25
ORD00343,CUST0058,2025-04-09T21:55:09,PROD0043,1,3089.06,3089.06
ORD00351,CUST0009,2024-12-12T21:02:09,PROD0117,1,4531.78,4531.78
ORD00348,CUST0089,2025-05-20T08:03:09,PROD0111,1,1485.76,1485.76
ORD00353,CUST0060,2025-09-01T18:05:09,PROD0193,3,114.78,344.35
ORD00347,CUST0034,2024-11-29T01:44:09,PROD0195,2,407.27,814.55
ORD00344,CUST0004,2025-04-02T09:32:09,PROD0027,1,2279.93,2279.93
ORD00344,CUST0004,2025-04-02T09:32:09,PROD0168,2,2282.75,4565.49
ORD00344,CUST0004,2025-04-02T09:32:09,PROD0059,1,769.57,769.57
ORD00344,CUST0004,2025-04-02T09:32:09,PROD0161,1,3162.6,3162.6
ORD00344,CUST0004,2025-04-02T09:32:09,PROD0044,1,3753.59,3753.59
ORD00350,CUST0011,2025-04-15T12:59:09,PROD0157,2,4491.26,8982.51
ORD00350,CUST0011,2025-04-15T12:59:09,PROD0073,1,113.35,113.35
ORD00358,CUST0098,2025-07-27T17:47:09,PROD0040,1,4243.07,4243.07
ORD00354,CUST0061,2024-12-11T23:41:09,PROD0098,2,1559.84,3119.68
ORD00354,CUST0061,2024-12-11T23:41:09,PROD0197,1,3191.42,3191.42
ORD00354,CUST0061,2024-12-11T23:41:09,PROD0114,1,675.53,675.53
ORD00357,CUST0006,2025-07-05T15:14:09,PROD0040,1,3680.17,3680.17
ORD00357,CUST0006,2025-07-05T15:14:09,PROD0041,1,2558.48,2558.48
ORD00352,CUST0042,2024-09-19T20:47:09,PROD0006,1,3070.71,3070.71
ORD00352,CUST0042,2024-09-19T20:47:09,PROD0069,1,4206.49,4206.49
ORD00352,CUST0042,2024-09-19T20:47:09,PROD0003,1,2080.57,2080.57
ORD00352,CUST0042,2024-09-19T20:47:09,PROD0127,1,414.85,414.85
ORD00359,CUST0041,2025-06-23T13:32:09,PROD0113,1,1175.34,1175.34
ORD00361,CUST0036,2025-07-14T09:54:09,PROD0040,1,4265.48,4265.48
ORD00342,CUST0079,2025-06-30T05:38:09,PROD0021,1,4494.36,4494.36
ORD00342,CUST0079,2025-06-30T05:38:09,PROD0082,1,1490.9,1490.9
ORD00342,CUST0079,2025-06-30T05:38:09,PROD0155,1,2196.1,2196.1
ORD00342,CUST0079,2025-06-30T05:38:09,PROD0114,1,668.67,668.67
ORD00356,CUST0031,2025-08-01T06:04:09,PROD0071,1,1731.8,1731.8
ORD00363,CUST0025,2025-06-06T14:15:09,PROD0040,1,3867.1,3867.1
ORD00363,CUST0025,2025-06-06T14:15:09,PROD0165,1,3683.07,3683.07
ORD00362,CUST0001,2025-08-03T09:08:09,PROD0005,1,3221.29,3221.29
ORD00362,CUST0001,2025-08-03T09:08:09,PROD0159,1,2188.21,2188.21
ORD00364,CUST0017,2024-12-10T17:56:09,PROD0050,1,1694.12,1694.12
ORD00360,CUST0018,2025-01-16T18:15:09,PROD0144,1,185.05,185.05
ORD00360,CUST0018,2025-01-16T18:15:09,PROD0049,1,957.84,957.84
ORD00365,CUST0068,2025-07-27T15:21:09,PROD0094,1,1572.11,1572.11
ORD00368,CUST0093,2025-01-07T10:08:09,PROD0135,1,3301.39,3301.39
ORD00355,CUST0099,2024-10-29T09:26:09,PROD0122,1,4705.19,4705.19
ORD00355,CUST0099,2024-10-29T09:26:09,PROD0083,1,3936.72,3936.72
ORD00355,CUST0099,2024-10-29T09:26:09,PROD0191,2,4373.25,8746.49
ORD00355,CUST0099,2024-10-29T09:26:09,PROD0065,1,2783.49,2783.49
ORD00355,CUST0099,2024-10-29T09:26:09,PROD0093,2,2433.45,4866.9
ORD00370,CUST0065,2025-03-02T13:54:09,PROD0154,1,3956.73,3956.73
ORD00370,CUST0065,2025-03-02T13:54:09,PROD0081,1,1808.91,1808.91
ORD00369,CUST0072,2025-04-11T15:50:09,PROD0148,1,4546.71,4546.71
ORD00369,CUST0072,2025-04-11T15:50:09,PROD0171,1,3850.76,3850.76
ORD00371,CUST0082,2025-04-19T16:04:09,PROD0145,1,2882.39,2882.39
ORD00371,CUST0082,2025-04-19T16:04:09,PROD0141,2,2403.04,4806.08
ORD00373,CUST0059,2025-03-11T20:52:09,PROD0150,1,4610.53,4610.53
ORD00374,CUST0052,2025-06-28T23:30:09,PROD0084,1,3137.88,3137.88
ORD00375,CUST0013,2025-07-12T13:03:09,PROD0148,1,4841.41,4841.41
ORD00372,CUST0051,2024-09-11T15:46:09,PROD0153,1,3229.43,3229.43
ORD00372,CUST0051,2024-09-11T15:46:09,PROD0078,1,3398.98,3398.98
ORD00372,CUST0051,2024-09-11T15:46:09,PROD0055,2,4521.29,9042.57
ORD00372,CUST0051,2024-09-11T15:46:09,PROD0177,2,1487.55,2975.09
ORD00372,CUST0051,2024-09-11T15:46:09,PROD0131,1,436.61,436.61
ORD00376,CUST0056,2025-04-11T20:39:09,PROD0192,1,554.69,554.69
ORD00376,CUST0056,2025-04-11T20:39:09,PROD0003,1,2295.98,2295.98
ORD00367,CUST0035,2025-06-07T18:30:09,PROD0078,1,2922.7,2922.7
ORD00377,CUST0006,2025-02-21T10:20:09,PROD0129,1,1388.26,1388.26
ORD00366,CUST0027,2025-08-12T08:43:09,PROD0021,1,4884.75,4884.75
ORD00366,CUST0027,2025-08-12T08:43:09,PROD0093,1,2467.29,2467.29
ORD00366,CUST0027,2025-08-12T08:43:09,PROD0107,2,716.41,1432.81
ORD00378,CUST0097,2025-07-12T11:16:09,PROD0111,1,1426.68,1426.68
ORD00382,CUST0057,2024-10-02T23:56:09,PROD0040,1,4292.22,4292.22
ORD00382,CUST0057,2024-10-02T23:56:09,PROD0029,1,1148.52,1148.52
ORD00380,CUST0063,2025-04-01T13:20:09,PROD0158,3,3321.45,9964.35
ORD00379,CUST0061,2025-06-30T15:47:09,PROD0068,1,554.61,554.61
ORD00379,CUST0061,2025-06-30T15:47:09,PROD0199,1,2032.25,2032.25
ORD00385,CUST0037,2024-12-22T15:23:09,PROD0120,1,1052.38,1052.38
ORD00396,CUST0079,2025-01-07T11:58:09,PROD0007,1,531.55,531.55
ORD00388,CUST0072,2025-09-09T16:46:09,PROD0136,1,4133.48,4133.48
ORD00397,CUST0078,2025-05-09T15:25:09,PROD0100,1,600.33,600.33
ORD00398,CUST0053,2024-09-18T01:10:09,PROD0172,3,2430.24,7290.72
ORD00399,CUST0057,2025-07-23T08:28:09,PROD0118,2,627.12,1254.24
ORD00390,CUST0004,2025-06-22T00:58:09,PROD0101,1,588.89,588.89
ORD00389,CUST0088,2025-03-10T04:24:09,PROD0129,1,1361.06,1361.06
ORD00392,CUST0043,2025-04-28T09:52:09,PROD0036,1,4907.23,4907.23
ORD00401,CUST0067,2025-07-29T17:56:09,PROD0102,2,1052.76,2105.53
ORD00402,CUST0055,2025-02-08T12:42:09,PROD0133,2,3298.66,6597.31
ORD00386,CUST0085,2025-08-14T04:39:09,PROD0075,2,3291.66,6583.32
ORD00384,CUST0019,2025-09-01T15:26:09,PROD0150,2,4872.8,9745.6
ORD00387,CUST0066,2025-09-08T20:41:09,PROD0153,1,3265.2,3265.2
ORD00381,CUST0100,2025-04-19T03:27:09,PROD0023,1,2125.0,2125.0
ORD00381,CUST0100,2025-04-19T03:27:09,PROD0094,1,1452.46,1452.46
ORD00381,CUST0100,2025-04-19T03:27:09,PROD0153,1,3671.58,3671.58
ORD00381,CUST0100,2025-04-19T03:27:09,PROD0044,3,3719.19,11157.56
ORD00403,CUST0065,2024-11-06T22:33:09,PROD0179,1,2858.16,2858.16
ORD00403,CUST0065,2024-11-06T22:33:09,PROD0083,1,3523.06,3523.06
ORD00383,CUST0037,2024-09-18T03:28:09,PROD0079,1,3513.7,3513.7
ORD00383,CUST0037,2024-09-18T03:28:09,PROD0054,1,137.54,137.54
ORD00383,CUST0037,2024-09-18T03:28:09,PROD0140,1,3344.08,3344.08
ORD00404,CUST0026,2025-04-30T19:00:09,PROD0167,2,2192.27,4384.54
ORD00405,CUST0091,2025-04-29T13:07:09,PROD0182,1,4048.96,4048.96
ORD00400,CUST0049,2025-02-18T05:23:09,PROD0147,1,2390.98,2390.98
ORD00400,CUST0049,2025-02-18T05:23:09,PROD0181,1,2457.6,2457.6
ORD00400,CUST0049,2025-02-18T05:23:09,PROD0116,1,861.57,861.57
ORD00400,CUST0049,2025-02-18T05:23:09,PROD0063,1,3818.65,3818.65
ORD00406,CUST0021,2025-03-23T10:08:09,PROD0044,2,3682.31,7364.62
ORD00407,CUST0019,2024-12-11T14:47:09,PROD0080,1,4518.83,4518.83
ORD00393,CUST0040,2025-08-29T15:41:09,PROD0035,1,2139.7,2139.7
ORD00393,CUST0040,2025-08-29T15:41:09,PROD0198,1,4638.82,4638.82
ORD00409,CUST0076,2025-08-14T08:13:09,PROD0021,1,4283.68,4283.68
ORD00408,CUST0016,2024-11-16T22:44:09,PROD0065,1,2898.81,2898.81
ORD00408,CUST0016,2024-11-16T22:44:09,PROD0128,1,2054.61,2054.61
ORD00410,CUST0081,2025-06-22T22:47:09,PROD0015,1,3541.53,3541.53
ORD00411,CUST0078,2025-02-10T03:42:09,PROD0028,1,2084.04,2084.04
ORD00412,CUST0089,2025-09-04T12:20:09,PROD0046,3,192.63,577.89
ORD00412,CUST0089,2025-09-04T12:20:09,PROD0093,2,2083.86,4167.73
ORD00416,CUST0027,2025-07-23T06:10:09,PROD0090,1,486.81,486.81
ORD00417,CUST0089,2025-02-02T01:34:09,PROD0077,1,3552.62,3552.62
ORD00413,CUST0049,2024-10-15T06:37:09,PROD0075,1,2954.54,2954.54
ORD00413,CUST0049,2024-10-15T06:37:09,PROD0071,1,1738.15,1738.15
ORD00414,CUST0079,2024-10-09T20:20:09,PROD0162,1,970.39,970.39
ORD00414,CUST0079,2024-10-09T20:20:09,PROD0186,1,289.14,289.14
ORD00418,CUST0043,2025-03-04T05:30:09,PROD0008,2,3173.47,6346.95
ORD00418,CUST0043,2025-03-04T05:30:09,PROD0087,2,1727.43,3454.86
ORD00419,CUST0083,2024-11-19T07:53:09,PROD0138,2,3729.14,7458.27
ORD00419,CUST0083,2024-11-19T07:53:09,PROD0106,2,1408.92,2817.85
ORD00391,CUST0087,2025-07-21T13:27:09,PROD0062,1,867.61,867.61
ORD00420,CUST0093,2025-08-24T03:19:09,PROD0054,1,141.04,141.04
ORD00420,CUST0093,2025-08-24T03:19:09,PROD0091,1,2295.32,2295.32
ORD00394,CUST0072,2025-06-10T15:51:09,PROD0038,1,1609.25,1609.25
ORD00421,CUST0049,2025-07-28T10:37:09,PROD0156,1,1681.63,1681.63
ORD00422,CUST0041,2025-09-08T18:01:09,PROD0128,2,2221.43,4442.86
ORD00395,CUST0039,2025-04-25T16:43:09,PROD0164,2,621.61,1243.21
ORD00395,CUST0039,2025-04-25T16:43:09,PROD0200,1,4046.4,4046.4
ORD00395,CUST0039,2025-04-25T16:43:09,PROD0007,1,523.74,523.74
ORD00415,CUST0041,2025-01-21T09:20:09,PROD0091,2,2524.88,5049.77
ORD00415,CUST0041,2025-01-21T09:20:09,PROD0128,1,2340.12,2340.12
ORD00415,CUST0041,2025-01-21T09:20:09,PROD0127,2,453.92,907.84
ORD00415,CUST0041,2025-01-21T09:20:09,PROD0060,1,3686.25,3686.25
ORD00415,CUST0041,2025-01-21T09:20:09,PROD0001,1,1459.89,1459.89
ORD00423,CUST0039,2024-12-08T20:07:09,PROD0200,1,4012.37,4012.37
ORD00423,CUST0039,2024-12-08T20:07:09,PROD0130,1,3537.12,3537.12
ORD00427,CUST0035,2024-11-25T22:01:09,PROD0160,1,1694.42,1694.42
ORD00424,CUST0044,2025-05-16T16:39:09,PROD0199,1,2035.13,2035.13
ORD00424,CUST0044,2025-05-16T16:39:09,PROD0026,2,4575.9,9151.8
ORD00425,CUST0005,2025-05-04T05:29:09,PROD0030,1,4857.03,4857.03
ORD00425,CUST0005,2025-05-04T05:29:09,PROD0176,2,1861.23,3722.45
ORD00425,CUST0005,2025-05-04T05:29:09,PROD0086,1,2239.76,2239.76
ORD00426,CUST0096,2025-02-16T17:20:09,PROD0164,2,627.74,1255.47
ORD00426,CUST0096,2025-02-16T17:20:09,PROD0050,1,1681.18,1681.18
ORD00430,CUST0040,2025-02-27T23:29:09,PROD0137,1,945.0,945.0
ORD00430,CUST0040,2025-02-27T23:29:09,PROD0196,1,1598.78,1598.78
ORD00431,CUST0040,2025-08-27T13:29:09,PROD0121,1,2154.1,2154.1
ORD00431,CUST0040,2025-08-27T13:29:09,PROD0158,1,3215.15,3215.15
ORD00428,CUST0041,2025-01-26T21:29:09,PROD0147,1,2174.98,2174.98
ORD00428,CUST0041,2025-01-26T21:29:09,PROD0157,2,4366.46,8732.92
ORD00428,CUST0041,2025-01-26T21:29:09,PROD0013,1,2482.55,2482.55
ORD00436,CUST0044,2025-06-16T14:59:09,PROD0172,1,2510.24,2510.24
ORD00432,CUST0086,2025-02-27T03:13:09,PROD0017,1,2279.71,2279.71
ORD00433,CUST0037,2025-03-08T12:20:09,PROD0027,1,2553.7,2553.7
ORD00429,CUST0007,2024-10-25T06:09:09,PROD0153,2,3573.89,7147.77
ORD00435,CUST0062,2025-03-25T19:05:09,PROD0178,1,3851.16,3851.16
ORD00434,CUST0084,2024-10-17T02:18:09,PROD0152,1,4399.63,4399.63
ORD00437,CUST0015,2025-07-11T12:13:09,PROD0025,2,2130.32,4260.65
ORD00438,CUST0014,2025-08-27T12:33:09,PROD0084,1,3465.08,3465.08
ORD00438,CUST0014,2025-08-27T12:33:09,PROD0024,1,2094.26,2094.26
ORD00438,CUST0014,2025-08-27T12:33:09,PROD0149,2,2267.74,4535.47
ORD00442,CUST0085,2024-12-08T07:52:09,PROD0099,2,1352.17,2704.34
ORD00441,CUST0031,2025-04-20T15:21:09,PROD0082,1,1403.8,1403.8
ORD00439,CUST0085,2024-11-26T07:18:09,PROD0158,1,3104.23,3104.23
ORD00447,CUST0097,2025-02-01T07:17:09,PROD0157,1,4307.45,4307.45
ORD00444,CUST0018,2024-10-23T21:25:09,PROD0117,2,4933.72,9867.44
ORD00444,CUST0018,2024-10-23T21:25:09,PROD0109,1,3178.19,3178.19
ORD00444,CUST0018,2024-10-23T21:25:09,PROD0109,1,3175.4,3175.4
ORD00443,CUST0086,2024-11-13T20:44:09,PROD0005,1,3566.21,3566.21
ORD00445,CUST0055,2025-07-16T17:20:09,PROD0188,1,1961.77,1961.77
ORD00446,CUST0074,2025-03-16T17:46:09,PROD0181,1,2486.78,2486.78
ORD00446,CUST0074,2025-03-16T17:46:09,PROD0177,1,1435.69,1435.69
ORD00449,CUST0061,2025-07-01T16:05:09,PROD0076,1,3221.15,3221.15
ORD00448,CUST0070,2025-07-04T02:23:09,PROD0088,1,3176.37,3176.37
ORD00440,CUST0087,2025-02-13T06:29:09,PROD0089,3,101.91,305.73
ORD00440,CUST0087,2025-02-13T06:29:09,PROD0157,3,4248.32,12744.96
ORD00440,CUST0087,2025-02-13T06:29:09,PROD0033,2,1886.67,3773.33
ORD00440,CUST0087,2025-02-13T06:29:09,PROD0141,3,2275.03,6825.1
ORD00440,CUST0087,2025-02-13T06:29:09,PROD0144,2,173.02,346.04
ORD00450,CUST0094,2025-06-26T00:47:09,PROD0149,1,2009.66,2009.66
ORD00450,CUST0094,2025-06-26T00:47:09,PROD0075,2,3275.62,6551.23
ORD00452,CUST0095,2024-11-27T14:12:09,PROD0045,1,4786.51,4786.51
ORD00454,CUST0034,2024-11-08T17:54:09,PROD0122,1,4519.89,4519.89
ORD00451,CUST0017,2025-05-26T19:38:09,PROD0065,1,2773.15,2773.15
ORD00451,CUST0017,2025-05-26T19:38:09,PROD0066,1,1857.02,1857.02
ORD00456,CUST0041,2025-06-09T13:46:09,PROD0137,1,950.82,950.82
ORD00453,CUST0068,2024-09-27T02:49:09,PROD0153,2,3242.71,6485.43
ORD00453,CUST0068,2024-09-27T02:49:09,PROD0127,1,414.23,414.23
ORD00453,CUST0068,2024-09-27T02:49:09,PROD0099,1,1374.4,1374.4
ORD00453,CUST0068,2024-09-27T02:49:09,PROD0164,1,661.18,661.18
ORD00455,CUST0088,2025-09-07T05:14:09,PROD0136,2,3737.46,7474.93
ORD00457,CUST0084,2025-01-28T03:01:09,PROD0026,1,4278.15,4278.15
ORD00459,CUST0002,2025-04-08T20:17:09,PROD0115,1,2596.06,2596.06
ORD00461,CUST0024,2024-11-06T14:55:09,PROD0120,1,1068.11,1068.11
ORD00458,CUST0096,2025-01-12T16:27:09,PROD0050,1,1729.77,1729.77
ORD00458,CUST0096,2025-01-12T16:27:09,PROD0047,1,2565.38,2565.38
ORD00460,CUST0004,2025-07-24T18:47:09,PROD0169,2,2374.41,4748.82
ORD00460,CUST0004,2025-07-24T18:47:09,PROD0154,1,4246.82,4246.82
ORD00460,CUST0004,2025-07-24T18:47:09,PROD0031,1,813.29,813.29
ORD00460,CUST0004,2025-07-24T18:47:09,PROD0097,1,2328.69,2328.69
ORD00462,CUST0036,2025-04-17T15:41:09,PROD0198,1,3980.47,3980.47
ORD00462,CUST0036,2025-04-17T15:41:09,PROD0019,1,647.89,647.89
ORD00463,CUST0008,2025-01-21T00:55:09,PROD0126,3,777.89,2333.68
ORD00469,CUST0081,2025-08-29T04:15:09,PROD0162,1,991.92,991.92
ORD00464,CUST0063,2024-11-04T21:18:09,PROD0056,1,3010.84,3010.84
ORD00464,CUST0063,2024-11-04T21:18:09,PROD0114,1,565.96,565.96
ORD00466,CUST0099,2025-05-20T08:11:09,PROD0187,1,3742.98,3742.98
ORD00468,CUST0044,2024-10-22T07:32:09,PROD0166,1,1605.51,1605.51
ORD00468,CUST0044,2024-10-22T07:32:09,PROD0099,1,1335.08,1335.08
ORD00465,CUST0094,2025-01-17T06:45:09,PROD0039,1,2443.24,2443.24
ORD00465,CUST0094,2025-01-17T06:45:09,PROD0010,1,4690.63,4690.63
ORD00465,CUST0094,2025-01-17T06:45:09,PROD0180,1,4238.87,4238.87
ORD00467,CUST0050,2025-08-29T07:51:09,PROD0092,1,3331.74,3331.74
ORD00467,CUST0050,2025-08-29T07:51:09,PROD0015,1,4261.35,4261.35
ORD00471,CUST0003,2024-09-29T02:47:09,PROD0185,1,1797.13,1797.13
ORD00473,CUST0090,2025-08-08T20:44:09,PROD0013,2,2657.36,5314.72
ORD00472,CUST0087,2025-06-11T21:31:09,PROD0019,1,659.13,659.13
ORD00472,CUST0087,2025-06-11T21:31:09,PROD0168,1,2524.25,2524.25
ORD00470,CUST0093,2025-07-11T00:15:09,PROD0139,1,2223.67,2223.67
ORD00474,CUST0022,2025-07-09T19:36:09,PROD0030,1,4737.97,4737.97
ORD00474,CUST0022,2025-07-09T19:36:09,PROD0057,1,3558.44,3558.44
ORD00474,CUST0022,2025-07-09T19:36:09,PROD0087,2,1901.97,3803.94
ORD00476,CUST0036,2024-11-22T05:54:09,PROD0142,1,425.21,425.21
ORD00476,CUST0036,2024-11-22T05:54:09,PROD0149,1,2031.01,2031.01
ORD00477,CUST0021,2024-09-19T07:49:09,PROD0046,2,191.07,382.13
ORD00478,CUST0054,2025-09-01T08:28:09,PROD0037,1,1941.81,1941.81
ORD00475,CUST0088,2025-07-02T09:52:09,PROD0055,1,5092.62,5092.62
ORD00481,CUST0047,2025-02-02T23:11:09,PROD0158,2,3476.25,6952.5
ORD00479,CUST0023,2025-07-20T14:46:09,PROD0184,1,5346.56,5346.56
ORD00479,CUST0023,2025-07-20T14:46:09,PROD0161,2,3020.69,6041.39
ORD00484,CUST0075,2025-05-16T18:40:09,PROD0056,2,3238.79,6477.58
ORD00486,CUST0074,2025-06-20T23:49:09,PROD0134,1,2368.02,2368.02
ORD00483,CUST0096,2025-08-23T02:58:09,PROD0084,1,3181.0,3181.0
ORD00483,CUST0096,2025-08-23T02:58:09,PROD0106,2,1507.73,3015.46
ORD00482,CUST0007,2025-06-12T21:54:09,PROD0125,1,2876.26,2876.26
ORD00482,CUST0007,2025-06-12T21:54:09,PROD0061,1,2395.53,2395.53
ORD00487,CUST0060,2025-01-30T17:30:09,PROD0064,1,577.4,577.4
ORD00488,CUST0076,2024-11-26T11:41:09,PROD0012,1,1006.51,1006.51
ORD00492,CUST0089,2025-02-28T08:46:09,PROD0193,1,137.21,137.21
ORD00489,CUST0068,2025-03-31T08:35:09,PROD0026,1,3988.97,3988.97
ORD00489,CUST0068,2025-03-31T08:35:09,PROD0143,1,3828.34,3828.34
ORD00496,CUST0009,2025-03-20T04:12:09,PROD0135,2,3236.36,6472.72
ORD00495,CUST0090,2024-12-27T16:32:09,PROD0091,2,2470.22,4940.44
ORD00485,CUST0059,2024-12-19T13:06:09,PROD0052,1,1293.8,1293.8
ORD00485,CUST0059,2024-12-19T13:06:09,PROD0146,1,2691.41,2691.41
ORD00485,CUST0059,2024-12-19T13:06:09,PROD0120,1,1090.4,1090.4
ORD00485,CUST0059,2024-12-19T13:06:09,PROD0088,1,3376.62,3376.62
ORD00485,CUST0059,2024-12-19T13:06:09,PROD0041,1,2534.82,2534.82
ORD00490,CUST0017,2025-03-13T01:59:09,PROD0024,1,2333.58,2333.58
ORD00490,CUST0017,2025-03-13T01:59:09,PROD0042,1,2629.59,2629.59
ORD00497,CUST0069,2025-02-07T07:23:09,PROD0173,2,1054.88,2109.76
ORD00493,CUST0027,2025-08-26T19:23:09,PROD0189,2,2509.25,5018.51
ORD00493,CUST0027,2025-08-26T19:23:09,PROD0173,1,904.41,904.41
ORD00493,CUST0027,2025-08-26T19:23:09,PROD0099,1,1424.18,1424.18
ORD00500,CUST0030,2025-06-04T13:05:09,PROD0088,1,3722.83,3722.83
ORD00501,CUST0090,2025-06-09T10:12:09,PROD0146,1,3070.38,3070.38
ORD00499,CUST0088,2025-06-14T21:14:09,PROD0114,1,555.9,555.9
ORD00498,CUST0059,2024-10-24T19:09:09,PROD0074,3,523.99,1571.96
ORD00498,CUST0059,2024-10-24T19:09:09,PROD0043,1,3493.4,3493.4
ORD00498,CUST0059,2024-10-24T19:09:09,PROD0128,1,2145.13,2145.13
ORD00504,CUST0072,2025-09-07T18:26:09,PROD0089,1,99.22,99.22
ORD00502,CUST0030,2025-05-16T04:02:09,PROD0013,1,2389.48,2389.48
ORD00502,CUST0030,2025-05-16T04:02:09,PROD0043,1,3132.91,3132.91
ORD00491,CUST0059,2025-05-05T21:39:09,PROD0048,1,3147.86,3147.86
ORD00491,CUST0059,2025-05-05T21:39:09,PROD0119,1,2746.98,2746.98
ORD00494,CUST0083,2025-06-24T14:48:09,PROD0199,1,2116.91,2116.91
ORD00494,CUST0083,2025-06-24T14:48:09,PROD0062,1,906.81,906.81
ORD00503,CUST0023,2025-09-08T15:41:09,PROD0040,1,3702.17,3702.17
ORD00503,CUST0023,2025-09-08T15:41:09,PROD0082,1,1413.78,1413.78
ORD00480,CUST0031,2024-12-17T20:17:09,PROD0159,1,2205.02,2205.02
ORD00480,CUST0031,2024-12-17T20:17:09,PROD0139,1,2207.89,2207.89
ORD00480,CUST0031,2024-12-17T20:17:09,PROD0161,1,3005.11,3005.11
ORD00480,CUST0031,2024-12-17T20:17:09,PROD0050,1,1553.21,1553.21
ORD00480,CUST0031,2024-12-17T20:17:09,PROD0122,1,4014.68,4014.68
ORD00505,CUST0016,2024-09-23T05:43:09,PROD0038,2,1658.88,3317.76
ORD00507,CUST0094,2025-04-25T03:28:09,PROD0123,2,2658.13,5316.26
ORD00506,CUST0095,2025-06-17T09:05:09,PROD0076,1,3401.91,3401.91
ORD00506,CUST0095,2025-06-17T09:05:09,PROD0194,3,4425.43,13276.28
ORD00508,CUST0004,2025-04-04T12:37:09,PROD0092,1,3159.85,3159.85
ORD00509,CUST0029,2025-01-30T22:45:09,PROD0115,1,2711.51,2711.51
ORD00515,CUST0083,2025-01-13T16:51:09,PROD0127,3,385.04,1155.12
ORD00515,CUST0083,2025-01-13T16:51:09,PROD0191,1,4338.02,4338.02
ORD00512,CUST0068,2025-02-28T19:43:09,PROD0194,1,3930.78,3930.78
ORD00512,CUST0068,2025-02-28T19:43:09,PROD0164,2,639.93,1279.86
ORD00512,CUST0068,2025-02-28T19:43:09,PROD0143,1,3736.01,3736.01
ORD00512,CUST0068,2025-02-28T19:43:09,PROD0036,1,5047.55,5047.55
ORD00513,CUST0006,2025-02-12T11:03:09,PROD0190,1,2296.32,2296.32
ORD00521,CUST0089,2025-03-14T21:36:09,PROD0153,1,3811.22,3811.22
ORD00518,CUST0088,2025-02-12T01:27:09,PROD0093,1,2304.78,2304.78
ORD00518,CUST0088,2025-02-12T01:27:09,PROD0037,1,1939.91,1939.91
ORD00514,CUST0039,2025-08-04T13:14:09,PROD0171,2,4112.59,8225.18
ORD00510,CUST0063,2025-02-20T12:22:09,PROD0015,2,3794.72,7589.44
ORD00510,CUST0063,2025-02-20T12:22:09,PROD0038,1,1506.02,1506.02
ORD00519,CUST0053,2025-03-03T21:50:09,PROD0129,1,1398.77,1398.77
ORD00528,CUST0055,2024-12-29T08:58:09,PROD0195,3,388.75,1166.26
ORD00529,CUST0064,2025-03-14T15:02:09,PROD0011,1,2301.41,2301.41
ORD00529,CUST0064,2025-03-14T15:02:09,PROD0099,1,1418.97,1418.97
ORD00516,CUST0081,2025-08-28T08:28:09,PROD0096,1,2428.66,2428.66
ORD00516,CUST0081,2025-08-28T08:28:09,PROD0067,1,388.55,388.55
ORD00516,CUST0081,2025-08-28T08:28:09,PROD0082,1,1486.0,1486.0
ORD00525,CUST0026,2024-12-14T14:06:09,PROD0038,2,1663.17,3326.34
ORD00517,CUST0035,2025-03-14T06:24:09,PROD0092,1,3324.0,3324.0
ORD00517,CUST0035,2025-03-14T06:24:09,PROD0164,2,652.87,1305.73
ORD00517,CUST0035,2025-03-14T06:24:09,PROD0197,1,3439.62,3439.62
ORD00517,CUST0035,2025-03-14T06:24:09,PROD0154,1,4112.79,4112.79
ORD00533,CUST0097,2025-08-06T05:06:09,PROD0155,3,2525.79,7577.36
ORD00522,CUST0004,2024-11-09T23:52:09,PROD0037,1,1858.45,1858.45
ORD00522,CUST0004,2024-11-09T23:52:09,PROD0054,1,133.65,133.65
ORD00522,CUST0004,2024-11-09T23:52:09,PROD0177,1,1265.92,1265.92
ORD00511,CUST0037,2025-03-06T04:03:09,PROD0144,1,186.14,186.14
ORD00511,CUST0037,2025-03-06T04:03:09,PROD0114,1,604.35,604.35
ORD00511,CUST0037,2025-03-06T04:03:09,PROD0114,1,652.31,652.31
ORD00511,CUST0037,2025-03-06T04:03:09,PROD0109,1,3152.41,3152.41
ORD00511,CUST0037,2025-03-06T04:03:09,PROD0151,1,1923.69,1923.69
ORD00534,CUST0099,2025-04-30T19:51:09,PROD0128,1,2481.72,2481.72
ORD00535,CUST0007,2024-10-15T08:27:09,PROD0046,1,190.06,190.06
ORD00523,CUST0097,2025-04-18T17:56:09,PROD0169,1,2295.1,2295.1
ORD00530,CUST0057,2025-01-04T10:10:09,PROD0110,1,509.79,509.79
ORD00527,CUST0092,2024-12-18T01:54:09,PROD0138,1,3926.68,3926.68
ORD00527,CUST0092,2024-12-18T01:54:09,PROD0055,2,5350.8,10701.61
ORD00527,CUST0092,2024-12-18T01:54:09,PROD0122,1,4384.83,4384.83
ORD00527,CUST0092,2024-12-18T01:54:09,PROD0113,1,1197.69,1197.69
ORD00538,CUST0049,2025-04-25T06:46:09,PROD0143,1,3891.9,3891.9
ORD00539,CUST0018,2025-02-17T15:08:09,PROD0029,1,1208.45,1208.45
ORD00537,CUST0070,2025-06-16T17:32:09,PROD0111,2,1346.46,2692.92
ORD00536,CUST0080,2024-10-29T19:26:09,PROD0197,1,3244.49,3244.49
ORD00536,CUST0080,2024-10-29T19:26:09,PROD0076,1,3544.26,3544.26
ORD00531,CUST0048,2024-12-10T17:27:09,PROD0027,1,2459.86,2459.86
ORD00526,CUST0021,2025-05-25T16:23:09,PROD0146,1,3087.93,3087.93
ORD00541,CUST0006,2024-11-15T04:06:09,PROD0150,1,5226.17,5226.17
ORD00541,CUST0006,2024-11-15T04:06:09,PROD0088,1,3470.26,3470.26
ORD00541,CUST0006,2024-11-15T04:06:09,PROD0092,1,3160.83,3160.83
ORD00520,CUST0068,2025-06-10T15:19:09,PROD0030,1,4842.45,4842.45
ORD00520,CUST0068,2025-06-10T15:19:09,PROD0030,2,4849.05,9698.1
ORD00540,CUST0074,2025-05-09T08:19:09,PROD0130,1,3381.46,3381.46
ORD00540,CUST0074,2025-05-09T08:19:09,PROD0152,3,4396.25,13188.75
ORD00540,CUST0074,2025-05-09T08:19:09,PROD0091,1,2362.04,2362.04
ORD00524,CUST0006,2024-10-14T02:26:09,PROD0025,1,2469.23,2469.23
ORD00543,CUST0041,2025-03-23T11:08:09,PROD0026,2,3870.78,7741.56
ORD00545,CUST0034,2024-10-05T02:20:09,PROD0058,1,1131.8,1131.8
ORD00532,CUST0051,2025-04-04T15:21:09,PROD0190,2,2778.74,5557.48
ORD00532,CUST0051,2025-04-04T15:21:09,PROD0017,1,2208.12,2208.12
ORD00532,CUST0051,2025-04-04T15:21:09,PROD0052,1,1567.44,1567.44
ORD00532,CUST0051,2025-04-04T15:21:09,PROD0032,1,3493.36,3493.36
ORD00532,CUST0051,2025-04-04T15:21:09,PROD0128,1,2377.34,2377.34
ORD00544,CUST0065,2025-08-18T02:54:09,PROD0094,3,1416.61,4249.83
ORD00544,CUST0065,2025-08-18T02:54:09,PROD0163,2,4908.57,9817.14
ORD00547,CUST0033,2025-07-27T09:13:09,PROD0141,1,2284.01,2284.01
ORD00547,CUST0033,2025-07-27T09:13:09,PROD0181,1,2294.05,2294.05
ORD00548,CUST0096,2025-05-08T01:43:09,PROD0158,2,3574.37,7148.75
ORD00548,CUST0096,2025-05-08T01:43:09,PROD0145,1,2696.04,2696.04
ORD00542,CUST0083,2025-02-17T10:49:09,PROD0017,2,2168.36,4336.72
ORD00542,CUST0083,2025-02-17T10:49:09,PROD0044,1,3508.3,3508.3
ORD00542,CUST0083,2025-02-17T10:49:09,PROD0118,1,626.47,626.47
ORD00542,CUST0083,2025-02-17T10:49:09,PROD0132,2,3765.39,7530.78
ORD00549,CUST0019,2025-01-11T21:31:09,PROD0077,2,3616.2,7232.4
ORD00549,CUST0019,2025-01-11T21:31:09,PROD0017,1,2512.09,2512.09
ORD00546,CUST0044,2025-01-27T19:20:09,PROD0122,1,4176.27,4176.27
ORD00546,CUST0044,2025-01-27T19:20:09,PROD0020,1,4744.29,4744.29
ORD00546,CUST0044,2025-01-27T19:20:09,PROD0077,1,3711.71,3711.71
ORD00551,CUST0056,2025-04-15T13:41:09,PROD0041,1,2234.44,2234.44
ORD00553,CUST0009,2025-04-07T04:26:09,PROD0024,1,2410.68,2410.68
ORD00553,CUST0009,2025-04-07T04:26:09,PROD0036,1,4800.19,4800.19
ORD00555,CUST0023,2024-12-29T01:12:09,PROD0151,1,2085.19,2085.19
ORD00552,CUST0023,2025-08-05T18:30:09,PROD0006,1,3600.63,3600.63
ORD00550,CUST0083,2024-12-02T01:27:09,PROD0104,1,2793.8,2793.8
ORD00550,CUST0083,2024-12-02T01:27:09,PROD0008,1,3601.57,3601.57
ORD00557,CUST0050,2025-02-16T13:28:09,PROD0176,1,1859.52,1859.52
ORD00561,CUST0040,2025-02-18T10:49:09,PROD0064,1,640.05,640.05
ORD00562,CUST0088,2025-04-09T03:12:09,PROD0189,1,2338.5,2338.5
ORD00560,CUST0098,2024-10-07T13:25:09,PROD0114,1,569.99,569.99
ORD00559,CUST0053,2025-02-28T15:11:09,PROD0026,2,4374.34,8748.67
ORD00559,CUST0053,2025-02-28T15:11:09,PROD0130,1,3493.26,3493.26
ORD00559,CUST0053,2025-02-28T15:11:09,PROD0187,2,3709.27,7418.55
ORD00558,CUST0051,2025-01-19T01:49:09,PROD0194,1,4108.51,4108.51
ORD00558,CUST0051,2025-01-19T01:49:09,PROD0042,2,2518.4,5036.79
ORD00558,CUST0051,2025-01-19T01:49:09,PROD0197,1,3455.71,3455.71
ORD00558,CUST0051,2025-01-19T01:49:09,PROD0071,2,1882.99,3765.97
ORD00563,CUST0037,2024-12-20T19:10:09,PROD0101,2,698.89,1397.78
ORD00565,CUST0034,2024-11-25T19:07:09,PROD0146,1,3029.3,3029.3
ORD00554,CUST0067,2025-08-17T11:33:09,PROD0065,1,2662.52,2662.52
ORD00554,CUST0067,2025-08-17T11:33:09,PROD0154,1,4327.23,4327.23
ORD00554,CUST0067,2025-08-17T11:33:09,PROD0085,2,2615.29,5230.57
ORD00554,CUST0067,2025-08-17T11:33:09,PROD0192,1,590.91,590.91
ORD00568,CUST0058,2025-01-16T04:21:09,PROD0118,1,632.38,632.38
ORD00568,CUST0058,2025-01-16T04:21:09,PROD0083,3,3687.72,11063.16
ORD00566,CUST0059,2025-08-21T07:51:09,PROD0053,1,1392.75,1392.75
ORD00564,CUST0003,2025-06-23T13:23:09,PROD0023,3,2031.88,6095.63
ORD00564,CUST0003,2025-06-23T13:23:09,PROD0180,2,3942.88,7885.76
ORD00569,CUST0091,2025-04-15T16:22:09,PROD0025,1,2073.81,2073.81
ORD00571,CUST0017,2025-06-23T18:21:09,PROD0044,1,3947.52,3947.52
ORD00556,CUST0055,2025-05-12T13:59:09,PROD0038,1,1594.04,1594.04
ORD00556,CUST0055,2025-05-12T13:59:09,PROD0079,1,4247.14,4247.14
ORD00556,CUST0055,2025-05-12T13:59:09,PROD0156,1,1729.24,1729.24
ORD00556,CUST0055,2025-05-12T13:59:09,PROD0014,1,3487.95,3487.95
ORD00572,CUST0041,2025-09-09T09:11:09,PROD0030,1,4898.32,4898.32
ORD00570,CUST0046,2025-07-18T14:35:09,PROD0192,2,489.8,979.59
ORD00570,CUST0046,2025-07-18T14:35:09,PROD0130,1,3409.23,3409.23
ORD00574,CUST0020,2024-10-07T23:55:09,PROD0067,1,423.38,423.38
ORD00567,CUST0064,2025-03-24T21:11:09,PROD0154,1,4341.42,4341.42
ORD00567,CUST0064,2025-03-24T21:11:09,PROD0187,1,3483.04,3483.04
ORD00567,CUST0064,2025-03-24T21:11:09,PROD0105,1,1373.5,1373.5
ORD00577,CUST0004,2025-02-03T14:27:09,PROD0096,1,2608.56,2608.56
ORD00573,CUST0036,2025-03-14T06:02:09,PROD0068,1,583.41,583.41
ORD00573,CUST0036,2025-03-14T06:02:09,PROD0068,1,547.29,547.29
ORD00573,CUST0036,2025-03-14T06:02:09,PROD0043,1,3693.36,3693.36
ORD00573,CUST0036,2025-03-14T06:02:09,PROD0196,3,1745.1,5235.29
ORD00579,CUST0006,2025-08-12T12:12:09,PROD0188,3,2120.68,6362.03
ORD00576,CUST0001,2025-06-07T10:55:09,PROD0020,1,4938.2,4938.2
ORD00578,CUST0011,2025-05-04T15:26:09,PROD0161,3,3205.04,9615.12
ORD00580,CUST0007,2025-08-06T02:04:09,PROD0191,1,4748.63,4748.63
ORD00580,CUST0007,2025-08-06T02:04:09,PROD0098,1,1604.79,1604.79
ORD00575,CUST0064,2024-10-01T07:06:09,PROD0144,1,177.78,177.78
ORD00575,CUST0064,2024-10-01T07:06:09,PROD0185,2,1799.26,3598.52
ORD00575,CUST0064,2024-10-01T07:06:09,PROD0024,1,2159.81,2159.81
ORD00575,CUST0064,2024-10-01T07:06:09,PROD0044,1,3869.19,3869.19
ORD00575,CUST0064,2024-10-01T07:06:09,PROD0145,2,3006.92,6013.83
ORD00583,CUST0079,2024-12-15T06:24:09,PROD0011,1,2522.42,2522.42
ORD00584,CUST0092,2024-11-29T08:17:09,PROD0135,1,3235.1,3235.1
ORD00584,CUST0092,2024-11-29T08:17:09,PROD0021,2,4731.42,9462.84
ORD00586,CUST0066,2025-04-16T05:50:09,PROD0185,1,1849.74,1849.74
ORD00581,CUST0052,2024-10-25T17:38:09,PROD0100,1,619.41,619.41
ORD00589,CUST0087,2024-11-04T06:18:09,PROD0102,1,932.6,932.6
ORD00587,CUST0099,2025-05-25T16:51:09,PROD0119,1,2857.34,2857.34
ORD00587,CUST0099,2025-05-25T16:51:09,PROD0101,1,631.05,631.05
ORD00585,CUST0088,2025-02-11T00:17:09,PROD0146,1,2656.6,2656.6
ORD00582,CUST0063,2025-04-20T16:35:09,PROD0176,1,1683.54,1683.54
ORD00582,CUST0063,2025-04-20T16:35:09,PROD0025,2,2283.61,4567.23
ORD00582,CUST0063,2025-04-20T16:35:09,PROD0126,1,808.91,808.91
ORD00582,CUST0063,2025-04-20T16:35:09,PROD0069,1,4193.42,4193.42
ORD00591,CUST0012,2024-11-13T20:44:09,PROD0005,1,3104.83,3104.83
ORD00592,CUST0084,2024-11-24T12:59:09,PROD0161,2,3170.04,6340.09
ORD00588,CUST0093,2025-05-01T14:12:09,PROD0068,1,600.77,600.77
ORD00588,CUST0093,2025-05-01T14:12:09,PROD0048,1,2959.0,2959.0
ORD00590,CUST0052,2025-08-13T16:22:09,PROD0078,1,3392.48,3392.48
ORD00590,CUST0052,2025-08-13T16:22:09,PROD0093,1,2478.58,2478.58
ORD00593,CUST0060,2024-11-25T08:11:09,PROD0043,2,3521.42,7042.85
ORD00598,CUST0050,2025-04-12T14:25:09,PROD0121,1,2437.16,2437.16
ORD00598,CUST0050,2025-04-12T14:25:09,PROD0160,1,1911.02,1911.02
ORD00597,CUST0057,2025-01-07T08:58:09,PROD0176,1,1767.76,1767.76
ORD00597,CUST0057,2025-01-07T08:58:09,PROD0184,1,4543.01,4543.01
ORD00594,CUST0061,2024-09-21T07:21:09,PROD0076,1,3788.28,3788.28
ORD00600,CUST0046,2025-01-22T04:27:09,PROD0129,1,1361.55,1361.55
ORD00599,CUST0017,2024-12-07T22:54:09,PROD0026,1,4580.13,4580.13
ORD00599,CUST0017,2024-12-07T22:54:09,PROD0127,1,397.07,397.07
ORD00596,CUST0041,2025-06-20T19:01:09,PROD0107,2,624.76,1249.51
ORD00596,CUST0041,2025-06-20T19:01:09,PROD0160,2,1784.39,3568.79
ORD00596,CUST0041,2025-06-20T19:01:09,PROD0179,1,2722.8,2722.8
ORD00601,CUST0030,2024-11-11T09:58:09,PROD0088,1,3710.55,3710.55
ORD00603,CUST0079,2024-11-02T09:46:09,PROD0043,1,3610.21,3610.21
ORD00603,CUST0079,2024-11-02T09:46:09,PROD0093,1,2174.15,2174.15
ORD00602,CUST0020,2025-08-30T09:22:09,PROD0181,1,2665.94,2665.94
ORD00602,CUST0020,2025-08-30T09:22:09,PROD0118,3,668.89,2006.67
ORD00604,CUST0064,2024-10-30T21:25:09,PROD0036,1,4450.82,4450.82
ORD00605,CUST0001,2025-01-14T08:05:09,PROD0044,1,3541.97,3541.97
ORD00607,CUST0067,2025-08-26T03:45:09,PROD0198,1,4530.57,4530.57
ORD00595,CUST0014,2025-07-30T15:11:09,PROD0127,1,429.65,429.65
ORD00595,CUST0014,2025-07-30T15:11:09,PROD0142,3,406.69,1220.07
ORD00595,CUST0014,2025-07-30T15:11:09,PROD0103,1,1444.5,1444.5
ORD00595,CUST0014,2025-07-30T15:11:09,PROD0157,2,4682.21,9364.42
ORD00595,CUST0014,2025-07-30T15:11:09,PROD0125,1,2869.87,2869.87
ORD00608,CUST0041,2025-04-03T22:11:09,PROD0195,1,455.93,455.93
ORD00606,CUST0086,2025-01-13T21:32:09,PROD0108,1,2587.19,2587.19
ORD00606,CUST0086,2025-01-13T21:32:09,PROD0110,1,547.69,547.69
ORD00611,CUST0069,2025-03-01T05:30:09,PROD0033,1,2084.49,2084.49
ORD00611,CUST0069,2025-03-01T05:30:09,PROD0055,1,5051.32,5051.32
ORD00617,CUST0034,2025-07-07T08:24:09,PROD0113,1,1416.18,1416.18
ORD00609,CUST0008,2025-07-31T15:35:09,PROD0134,3,2119.67,6359.01
ORD00609,CUST0008,2025-07-31T15:35:09,PROD0175,1,1523.31,1523.31
ORD00612,CUST0082,2024-11-30T16:45:09,PROD0139,1,2108.77,2108.77
ORD00612,CUST0082,2024-11-30T16:45:09,PROD0199,1,1901.21,1901.21
ORD00612,CUST0082,2024-11-30T16:45:09,PROD0130,1,3237.04,3237.04
ORD00614,CUST0081,2025-08-17T10:38:09,PROD0090,1,489.6,489.6
ORD00614,CUST0081,2025-08-17T10:38:09,PROD0184,1,4551.65,4551.65
ORD00616,CUST0017,2025-05-11T23:12:09,PROD0174,1,3810.23,3810.23
ORD00623,CUST0083,2024-10-25T22:29:09,PROD0162,1,1101.48,1101.48
ORD00615,CUST0032,2024-11-03T03:17:09,PROD0200,1,4017.08,4017.08
ORD00615,CUST0032,2024-11-03T03:17:09,PROD0183,1,4585.52,4585.52
ORD00622,CUST0086,2025-07-27T06:08:09,PROD0102,1,907.46,907.46
ORD00613,CUST0065,2025-03-10T19:47:09,PROD0032,1,3598.15,3598.15
ORD00613,CUST0065,2025-03-10T19:47:09,PROD0002,1,3347.86,3347.86
ORD00618,CUST0019,2025-05-26T21:15:09,PROD0034,3,2113.64,6340.92
ORD00618,CUST0019,2025-05-26T21:15:09,PROD0136,1,3903.78,3903.78
ORD00619,CUST0021,2025-06-24T04:42:09,PROD0155,2,2122.04,4244.07
ORD00619,CUST0021,2025-06-24T04:42:09,PROD0095,1,1421.76,1421.76
ORD00619,CUST0021,2025-06-24T04:42:09,PROD0040,1,3852.92,3852.92
ORD00619,CUST0021,2025-06-24T04:42:09,PROD0096,1,2385.9,2385.9
ORD00627,CUST0042,2024-12-11T17:29:09,PROD0100,1,600.97,600.97
ORD00610,CUST0002,2025-02-01T09:23:09,PROD0180,1,4457.73,4457.73
ORD00610,CUST0002,2025-02-01T09:23:09,PROD0140,1,3596.73,3596.73
ORD00610,CUST0002,2025-02-01T09:23:09,PROD0114,1,662.39,662.39
ORD00610,CUST0002,2025-02-01T09:23:09,PROD0167,1,1944.26,1944.26
ORD00621,CUST0058,2025-03-02T05:14:09,PROD0156,1,1530.91,1530.91
ORD00621,CUST0058,2025-03-02T05:14:09,PROD0163,1,4595.49,4595.49
ORD00621,CUST0058,2025-03-02T05:14:09,PROD0115,1,2597.36,2597.36
ORD00620,CUST0076,2025-04-13T18:43:09,PROD0073,1,119.82,119.82
ORD00620,CUST0076,2025-04-13T18:43:09,PROD0126,1,835.3,835.3
ORD00620,CUST0076,2025-04-13T18:43:09,PROD0018,2,4515.79,9031.58
ORD00629,CUST0071,2025-04-06T19:14:09,PROD0163,1,5000.49,5000.49
ORD00625,CUST0091,2025-07-04T06:49:09,PROD0156,1,1679.55,1679.55
ORD00625,CUST0091,2025-07-04T06:49:09,PROD0126,2,748.54,1497.07
ORD00625,CUST0091,2025-07-04T06:49:09,PROD0112,1,1571.2,1571.2
ORD00628,CUST0016,2024-10-06T22:59:09,PROD0151,1,2074.89,2074.89
ORD00628,CUST0016,2024-10-06T22:59:09,PROD0130,1,3276.18,3276.18
ORD00626,CUST0033,2024-10-26T19:50:09,PROD0074,1,544.43,544.43
ORD00626,CUST0033,2024-10-26T19:50:09,PROD0023,1,2357.92,2357.92
ORD00630,CUST0076,2025-08-21T19:59:09,PROD0167,1,1988.68,1988.68
ORD00630,CUST0076,2025-08-21T19:59:09,PROD0105,1,1621.44,1621.44
ORD00632,CUST0080,2025-02-06T12:54:09,PROD0124,1,4563.27,4563.27
ORD00634,CUST0093,2025-06-22T01:40:09,PROD0157,1,4592.97,4592.97
ORD00631,CUST0019,2025-03-21T09:54:09,PROD0138,3,4104.03,12312.09
ORD00631,CUST0019,2025-03-21T09:54:09,PROD0143,1,3318.08,3318.08
ORD00635,CUST0097,2025-09-08T07:01:09,PROD0083,1,3734.59,3734.59
ORD00624,CUST0083,2025-06-23T18:56:09,PROD0139,1,2024.95,2024.95
ORD00624,CUST0083,2025-06-23T18:56:09,PROD0146,1,3047.87,3047.87
ORD00624,CUST0083,2025-06-23T18:56:09,PROD0129,2,1378.44,2756.89
ORD00624,CUST0083,2025-06-23T18:56:09,PROD0137,1,787.49,787.49
ORD00633,CUST0081,2024-12-28T11:37:09,PROD0012,1,1019.35,1019.35
ORD00633,CUST0081,2024-12-28T11:37:09,PROD0018,1,4495.34,4495.34
ORD00636,CUST0089,2024-11-18T13:43:09,PROD0122,1,3885.29,3885.29
ORD00637,CUST0090,2025-09-06T08:32:09,PROD0021,1,4894.42,4894.42
ORD00639,CUST0090,2024-09-14T20:13:09,PROD0050,1,1577.37,1577.37
ORD00640,CUST0088,2025-09-09T03:56:09,PROD0158,1,3509.31,3509.31
ORD00638,CUST0086,2025-04-26T13:51:09,PROD0097,2,2094.99,4189.98
ORD00641,CUST0064,2025-03-14T18:01:09,PROD0181,1,2305.09,2305.09
ORD00642,CUST0082,2025-03-31T20:39:09,PROD0129,1,1507.18,1507.18
ORD00643,CUST0078,2025-06-26T21:48:09,PROD0191,1,4145.65,4145.65
ORD00643,CUST0078,2025-06-26T21:48:09,PROD0146,2,3123.59,6247.17
ORD00645,CUST0042,2025-04-20T06:01:09,PROD0133,1,3230.8,3230.8
ORD00644,CUST0087,2024-09-22T15:27:09,PROD0065,1,3122.4,3122.4
ORD00644,CUST0087,2024-09-22T15:27:09,PROD0001,2,1511.67,3023.34
ORD00646,CUST0029,2024-10-05T01:42:09,PROD0115,1,2430.42,2430.42
ORD00648,CUST0031,2025-03-03T18:36:09,PROD0061,2,2481.63,4963.26
ORD00649,CUST0013,2025-07-28T07:21:09,PROD0016,2,3931.51,7863.02
ORD00650,CUST0008,2025-04-24T18:03:09,PROD0111,1,1509.24,1509.24
ORD00650,CUST0008,2025-04-24T18:03:09,PROD0144,1,190.49,190.49
ORD00653,CUST0017,2025-08-03T09:00:09,PROD0124,1,4749.35,4749.35
ORD00652,CUST0084,2025-08-21T17:13:09,PROD0151,1,1906.73,1906.73
ORD00652,CUST0084,2025-08-21T17:13:09,PROD0153,1,3548.4,3548.4
ORD00654,CUST0006,2024-10-10T21:03:09,PROD0132,3,4150.69,12452.08
ORD00654,CUST0006,2024-10-10T21:03:09,PROD0080,1,4171.44,4171.44
ORD00651,CUST0097,2025-04-09T00:39:09,PROD0169,1,2493.51,2493.51
ORD00651,CUST0097,2025-04-09T00:39:09,PROD0119,1,3283.13,3283.13
ORD00659,CUST0004,2025-06-21T19:53:09,PROD0050,1,1808.28,1808.28
ORD00656,CUST0065,2025-06-23T18:11:09,PROD0052,1,1342.09,1342.09
ORD00660,CUST0004,2024-12-20T23:02:09,PROD0068,1,536.65,536.65
ORD00662,CUST0015,2025-03-02T23:03:09,PROD0095,2,1616.11,3232.22
ORD00661,CUST0026,2024-09-21T22:37:09,PROD0026,1,4356.64,4356.64
ORD00669,CUST0060,2025-05-31T12:05:09,PROD0120,1,1136.22,1136.22
ORD00668,CUST0048,2025-01-19T09:49:09,PROD0022,1,3094.23,3094.23
ORD00647,CUST0074,2024-09-23T15:58:09,PROD0109,3,3474.95,10424.84
ORD00647,CUST0074,2024-09-23T15:58:09,PROD0051,1,1655.52,1655.52
ORD00647,CUST0074,2024-09-23T15:58:09,PROD0161,1,2848.73,2848.73
ORD00647,CUST0074,2024-09-23T15:58:09,PROD0111,2,1484.45,2968.9
ORD00647,CUST0074,2024-09-23T15:58:09,PROD0161,2,3360.0,6720.0
ORD00664,CUST0041,2025-07-14T06:24:09,PROD0012,1,1030.13,1030.13
ORD00670,CUST0049,2024-09-22T22:12:09,PROD0166,1,1715.74,1715.74
ORD00663,CUST0080,2025-04-21T14:48:09,PROD0034,1,1978.09,1978.09
ORD00673,CUST0045,2025-04-05T05:36:09,PROD0168,1,2406.1,2406.1
ORD00673,CUST0045,2025-04-05T05:36:09,PROD0195,3,451.13,1353.39
ORD00675,CUST0090,2025-04-11T23:12:09,PROD0143,1,3419.78,3419.78
ORD00677,CUST0076,2024-09-22T11:34:09,PROD0036,1,5161.48,5161.48
ORD00672,CUST0096,2025-08-26T00:56:09,PROD0036,3,4971.92,14915.75
ORD00672,CUST0096,2025-08-26T00:56:09,PROD0190,1,2415.17,2415.17
ORD00676,CUST0095,2024-09-15T08:35:09,PROD0091,1,2428.54,2428.54
ORD00676,CUST0095,2024-09-15T08:35:09,PROD0176,1,1823.45,1823.45
ORD00671,CUST0066,2025-06-17T12:49:09,PROD0059,1,735.34,735.34
ORD00671,CUST0066,2025-06-17T12:49:09,PROD0010,1,4756.88,4756.88
ORD00678,CUST0078,2025-07-19T11:39:09,PROD0098,1,1650.51,1650.51
ORD00666,CUST0085,2025-07-21T18:54:09,PROD0193,2,132.3,264.59
ORD00666,CUST0085,2025-07-21T18:54:09,PROD0096,1,2375.54,2375.54
ORD00680,CUST0038,2025-08-14T08:48:09,PROD0095,1,1462.95,1462.95
ORD00674,CUST0096,2024-12-27T07:58:09,PROD0142,1,468.14,468.14
ORD00674,CUST0096,2024-12-27T07:58:09,PROD0119,1,2798.55,2798.55
ORD00665,CUST0020,2025-02-24T23:47:09,PROD0072,2,418.85,837.7
ORD00665,CUST0020,2025-02-24T23:47:09,PROD0150,2,4564.97,9129.93
ORD00681,CUST0015,2024-11-16T10:10:09,PROD0018,1,4962.09,4962.09
ORD00658,CUST0062,2025-02-27T16:08:09,PROD0048,2,2912.8,5825.59
ORD00682,CUST0027,2025-02-16T06:36:09,PROD0122,1,4372.52,4372.52
ORD00682,CUST0027,2025-02-16T06:36:09,PROD0080,1,4139.44,4139.44
ORD00687,CUST0096,2025-04-02T23:09:09,PROD0065,1,3142.15,3142.15
ORD00686,CUST0010,2024-11-03T09:33:09,PROD0105,1,1441.44,1441.44
ORD00686,CUST0010,2024-11-03T09:33:09,PROD0130,1,3213.45,3213.45
ORD00688,CUST0060,2025-05-17T06:48:09,PROD0169,1,2743.5,2743.5
ORD00679,CUST0061,2024-11-05T03:20:09,PROD0164,2,598.1,1196.19
ORD00679,CUST0061,2024-11-05T03:20:09,PROD0027,1,2290.88,2290.88
ORD00679,CUST0061,2024-11-05T03:20:09,PROD0177,1,1242.62,1242.62
ORD00679,CUST0061,2024-11-05T03:20:09,PROD0051,1,1879.96,1879.96
ORD00684,CUST0092,2025-02-10T05:23:09,PROD0045,1,4306.83,4306.83
ORD00684,CUST0092,2025-02-10T05:23:09,PROD0159,1,2077.91,2077.91
ORD00684,CUST0092,2025-02-10T05:23:09,PROD0169,1,2551.5,2551.5
ORD00690,CUST0086,2024-09-16T14:01:09,PROD0092,1,3617.26,3617.26
ORD00689,CUST0036,2024-12-01T22:37:09,PROD0026,1,3891.06,3891.06
ORD00683,CUST0001,2024-11-23T06:48:09,PROD0155,2,2313.29,4626.58
ORD00683,CUST0001,2024-11-23T06:48:09,PROD0146,2,2879.32,5758.64
ORD00683,CUST0001,2024-11-23T06:48:09,PROD0148,1,4209.64,4209.64
ORD00692,CUST0099,2025-03-22T23:43:09,PROD0062,1,795.33,795.33
ORD00685,CUST0006,2025-01-10T22:01:09,PROD0138,1,4070.17,4070.17
ORD00685,CUST0006,2025-01-10T22:01:09,PROD0179,1,3155.57,3155.57
ORD00685,CUST0006,2025-01-10T22:01:09,PROD0127,1,443.65,443.65
ORD00693,CUST0044,2024-12-18T14:26:09,PROD0025,1,2428.39,2428.39
ORD00695,CUST0002,2025-04-04T13:04:09,PROD0055,1,4565.6,4565.6
ORD00694,CUST0006,2025-04-11T08:50:09,PROD0083,1,3531.1,3531.1
ORD00694,CUST0006,2025-04-11T08:50:09,PROD0054,2,142.89,285.77
ORD00694,CUST0006,2025-04-11T08:50:09,PROD0110,1,525.88,525.88
ORD00667,CUST0068,2025-09-01T08:29:09,PROD0122,1,4222.48,4222.48
ORD00667,CUST0068,2025-09-01T08:29:09,PROD0150,1,4562.99,4562.99
ORD00667,CUST0068,2025-09-01T08:29:09,PROD0052,1,1351.54,1351.54
ORD00667,CUST0068,2025-09-01T08:29:09,PROD0056,1,3522.29,3522.29
ORD00657,CUST0086,2025-05-12T15:28:09,PROD0154,1,4364.19,4364.19
ORD00657,CUST0086,2025-05-12T15:28:09,PROD0145,3,3024.91,9074.72
ORD00657,CUST0086,2025-05-12T15:28:09,PROD0108,1,2568.7,2568.7
ORD00657,CUST0086,2025-05-12T15:28:09,PROD0011,1,2497.85,2497.85
ORD00657,CUST0086,2025-05-12T15:28:09,PROD0164,1,615.94,615.94
ORD00696,CUST0048,2024-10-02T19:40:09,PROD0078,1,3098.51,3098.51
ORD00691,CUST0090,2024-10-05T13:35:09,PROD0170,1,2772.9,2772.9
ORD00691,CUST0090,2024-10-05T13:35:09,PROD0100,1,640.0,640.0
ORD00697,CUST0073,2024-12-07T00:50:09,PROD0162,1,1095.24,1095.24
ORD00697,CUST0073,2024-12-07T00:50:09,PROD0198,1,4125.69,4125.69
ORD00700,CUST0038,2024-12-22T21:08:09,PROD0010,1,5142.21,5142.21
ORD00655,CUST0040,2025-07-16T03:02:09,PROD0003,1,2307.38,2307.38
ORD00702,CUST0094,2025-02-27T02:59:09,PROD0014,2,3406.31,6812.62
ORD00699,CUST0091,2024-09-16T23:45:09,PROD0032,1,3715.53,3715.53
ORD00699,CUST0091,2024-09-16T23:45:09,PROD0194,1,3994.25,3994.25
ORD00698,CUST0086,2025-05-14T19:05:09,PROD0150,1,4857.51,4857.51
ORD00701,CUST0043,2024-11-18T01:04:09,PROD0195,1,444.93,444.93
ORD00701,CUST0043,2024-11-18T01:04:09,PROD0107,1,647.96,647.96
ORD00704,CUST0009,2024-12-17T18:24:09,PROD0053,1,1213.98,1213.98
ORD00704,CUST0009,2024-12-17T18:24:09,PROD0141,2,2745.61,5491.21
ORD00704,CUST0009,2024-12-17T18:24:09,PROD0061,1,2317.22,2317.22
ORD00704,CUST0009,2024-12-17T18:24:09,PROD0120,1,1218.9,1218.9
ORD00704,CUST0009,2024-12-17T18:24:09,PROD0063,1,3982.64,3982.64
ORD00707,CUST0078,2025-05-14T19:05:09,PROD0121,1,2469.81,2469.81
ORD00703,CUST0090,2025-01-02T12:39:09,PROD0083,1,3862.58,3862.58
ORD00709,CUST0033,2025-03-08T09:29:09,PROD0177,1,1251.09,1251.09
ORD00706,CUST0062,2024-09-21T05:11:09,PROD0195,2,403.6,807.21
ORD00706,CUST0062,2024-09-21T05:11:09,PROD0138,1,3927.66,3927.66
ORD00706,CUST0062,2024-09-21T05:11:09,PROD0066,1,1935.26,1935.26
ORD00708,CUST0065,2025-03-21T08:09:09,PROD0102,3,972.81,2918.42
ORD00708,CUST0065,2025-03-21T08:09:09,PROD0126,1,908.11,908.11
ORD00708,CUST0065,2025-03-21T08:09:09,PROD0019,1,644.54,644.54
ORD00708,CUST0065,2025-03-21T08:09:09,PROD0032,1,3593.31,3593.31
ORD00710,CUST0095,2025-01-15T00:14:09,PROD0093,1,2348.5,2348.5
ORD00711,CUST0059,2025-08-24T21:00:09,PROD0149,3,2358.42,7075.25
ORD00712,CUST0012,2025-08-06T15:42:09,PROD0181,1,2643.78,2643.78
ORD00713,CUST0055,2024-12-04T06:00:09,PROD0129,3,1539.01,4617.04
ORD00713,CUST0055,2024-12-04T06:00:09,PROD0098,1,1766.37,1766.37
ORD00715,CUST0054,2025-06-06T06:25:09,PROD0111,1,1420.94,1420.94
ORD00705,CUST0058,2025-08-01T23:01:09,PROD0124,1,5256.43,5256.43
ORD00705,CUST0058,2025-08-01T23:01:09,PROD0102,1,992.28,992.28
ORD00705,CUST0058,2025-08-01T23:01:09,PROD0109,1,3358.15,3358.15
ORD00716,CUST0024,2025-05-25T20:12:09,PROD0055,1,4558.56,4558.56
ORD00716,CUST0024,2025-05-25T20:12:09,PROD0047,2,2668.5,5337.0
ORD00714,CUST0074,2025-03-05T21:01:09,PROD0192,1,522.71,522.71
ORD00714,CUST0074,2025-03-05T21:01:09,PROD0044,2,3272.38,6544.76
ORD00717,CUST0080,2024-11-05T12:54:09,PROD0022,1,2945.0,2945.0
ORD00718,CUST0031,2025-05-13T08:27:09,PROD0003,1,2349.49,2349.49
ORD00718,CUST0031,2025-05-13T08:27:09,PROD0002,1,3229.56,3229.56
ORD00720,CUST0044,2025-02-19T00:07:09,PROD0097,1,2361.21,2361.21
ORD00720,CUST0044,2025-02-19T00:07:09,PROD0085,2,2248.68,4497.36
ORD00719,CUST0067,2024-09-14T05:22:09,PROD0195,1,419.22,419.22
ORD00719,CUST0067,2024-09-14T05:22:09,PROD0194,1,4299.59,4299.59
ORD00734,CUST0016,2025-01-29T15:20:09,PROD0056,1,3401.64,3401.64
ORD00723,CUST0063,2025-04-03T16:23:09,PROD0090,1,514.67,514.67
ORD00723,CUST0063,2025-04-03T16:23:09,PROD0122,3,4615.48,13846.45
ORD00737,CUST0071,2025-03-30T19:52:09,PROD0149,2,2010.76,4021.53
ORD00730,CUST0096,2024-11-09T11:07:09,PROD0081,3,1670.72,5012.17
ORD00722,CUST0082,2025-02-21T17:24:09,PROD0012,3,1060.2,3180.6
ORD00736,CUST0071,2025-03-30T03:11:09,PROD0090,1,463.46,463.46
ORD00736,CUST0071,2025-03-30T03:11:09,PROD0136,1,3961.54,3961.54
ORD00735,CUST0043,2024-11-28T14:57:09,PROD0058,1,944.06,944.06
ORD00735,CUST0043,2024-11-28T14:57:09,PROD0199,1,1926.22,1926.22
ORD00735,CUST0043,2024-11-28T14:57:09,PROD0101,1,682.23,682.23
ORD00740,CUST0016,2025-01-12T05:15:09,PROD0153,3,3590.14,10770.42
ORD00724,CUST0038,2025-07-17T23:29:09,PROD0134,2,2277.18,4554.37
ORD00725,CUST0064,2024-10-25T02:37:09,PROD0141,3,2510.56,7531.68
ORD00725,CUST0064,2024-10-25T02:37:09,PROD0115,3,2475.29,7425.87
ORD00728,CUST0082,2025-05-19T19:34:09,PROD0058,2,1092.07,2184.14
ORD00728,CUST0082,2025-05-19T19:34:09,PROD0154,1,3949.31,3949.31
ORD00721,CUST0018,2024-09-24T11:51:09,PROD0072,3,411.02,1233.06
ORD00721,CUST0018,2024-09-24T11:51:09,PROD0064,1,598.94,598.94
ORD00721,CUST0018,2024-09-24T11:51:09,PROD0169,2,2524.47,5048.94
ORD00738,CUST0021,2025-07-02T21:12:09,PROD0075,2,3010.62,6021.25
ORD00738,CUST0021,2025-07-02T21:12:09,PROD0192,1,560.01,560.01
ORD00741,CUST0086,2025-08-13T19:33:09,PROD0167,1,2124.32,2124.32
ORD00742,CUST0016,2024-11-08T18:51:09,PROD0172,2,2183.95,4367.9
ORD00744,CUST0009,2025-09-11T09:55:09,PROD0180,1,4381.62,4381.62
ORD00729,CUST0072,2025-04-21T23:58:09,PROD0075,1,2933.52,2933.52
ORD00746,CUST0001,2025-06-22T07:35:09,PROD0011,1,2168.92,2168.92
ORD00743,CUST0074,2025-05-14T01:28:09,PROD0152,1,4282.2,4282.2
ORD00743,CUST0074,2025-05-14T01:28:09,PROD0166,1,1524.16,1524.16
ORD00748,CUST0038,2025-08-14T10:12:09,PROD0126,1,831.18,831.18
ORD00731,CUST0076,2025-06-11T23:38:09,PROD0109,1,3120.86,3120.86
ORD00752,CUST0054,2024-11-28T03:34:09,PROD0007,3,486.4,1459.2
ORD00750,CUST0028,2025-07-10T04:01:09,PROD0160,1,1859.16,1859.16
ORD00747,CUST0033,2024-09-27T18:51:09,PROD0094,3,1407.53,4222.58
ORD00747,CUST0033,2024-09-27T18:51:09,PROD0169,1,2416.58,2416.58
ORD00745,CUST0068,2025-05-18T19:17:09,PROD0138,1,3975.32,3975.32
ORD00745,CUST0068,2025-05-18T19:17:09,PROD0032,1,3339.26,3339.26
ORD00745,CUST0068,2025-05-18T19:17:09,PROD0169,2,2356.21,4712.42
ORD00753,CUST0015,2025-08-27T10:10:09,PROD0164,1,704.35,704.35
ORD00726,CUST0028,2024-12-07T14:28:09,PROD0112,3,1572.99,4718.97
ORD00749,CUST0066,2024-12-27T14:50:09,PROD0012,1,949.29,949.29
ORD00749,CUST0066,2024-12-27T14:50:09,PROD0077,2,3472.56,6945.11
ORD00739,CUST0074,2024-11-02T14:34:09,PROD0038,1,1675.66,1675.66
ORD00739,CUST0074,2024-11-02T14:34:09,PROD0174,2,4063.14,8126.28
ORD00739,CUST0074,2024-11-02T14:34:09,PROD0025,1,2265.95,2265.95
ORD00739,CUST0074,2024-11-02T14:34:09,PROD0014,1,3307.67,3307.67
ORD00739,CUST0074,2024-11-02T14:34:09,PROD0087,1,1897.65,1897.65
ORD00754,CUST0029,2025-01-28T16:50:09,PROD0057,1,3484.56,3484.56
ORD00727,CUST0099,2025-02-01T00:30:09,PROD0122,3,4454.8,13364.41
ORD00732,CUST0078,2025-07-09T23:50:09,PROD0138,2,3619.01,7238.03
ORD00751,CUST0021,2025-04-03T06:49:09,PROD0174,1,3889.81,3889.81
ORD00751,CUST0021,2025-04-03T06:49:09,PROD0138,1,3854.71,3854.71
ORD00751,CUST0021,2025-04-03T06:49:09,PROD0069,3,4426.58,13279.75
ORD00751,CUST0021,2025-04-03T06:49:09,PROD0050,1,1691.66,1691.66
ORD00733,CUST0064,2025-08-25T06:53:09,PROD0038,1,1634.83,1634.83
ORD00733,CUST0064,2025-08-25T06:53:09,PROD0180,1,4177.17,4177.17
ORD00757,CUST0073,2025-01-24T18:42:09,PROD0095,1,1487.16,1487.16
ORD00757,CUST0073,2025-01-24T18:42:09,PROD0156,1,1636.28,1636.28
ORD00755,CUST0094,2025-02-14T11:36:09,PROD0025,1,2369.17,2369.17
ORD00755,CUST0094,2025-02-14T11:36:09,PROD0073,1,115.05,115.05
ORD00755,CUST0094,2025-02-14T11:36:09,PROD0013,1,2720.17,2720.17
ORD00758,CUST0060,2025-05-26T02:01:09,PROD0134,2,2318.78,4637.55
ORD00758,CUST0060,2025-05-26T02:01:09,PROD0059,1,861.86,861.86
ORD00758,CUST0060,2025-05-26T02:01:09,PROD0079,1,3739.0,3739.0
ORD00758,CUST0060,2025-05-26T02:01:09,PROD0024,1,2066.17,2066.17
ORD00761,CUST0090,2025-06-11T16:06:09,PROD0190,1,2749.63,2749.63
ORD00759,CUST0022,2025-07-01T17:49:09,PROD0142,2,475.83,951.66
ORD00759,CUST0022,2025-07-01T17:49:09,PROD0003,3,2202.83,6608.5
ORD00762,CUST0006,2025-07-18T06:54:09,PROD0196,1,1630.98,1630.98
ORD00762,CUST0006,2025-07-18T06:54:09,PROD0020,1,4577.78,4577.78
ORD00764,CUST0016,2025-02-06T02:14:09,PROD0055,1,5130.7,5130.7
ORD00756,CUST0095,2025-08-24T10:19:09,PROD0104,1,2780.35,2780.35
ORD00756,CUST0095,2025-08-24T10:19:09,PROD0003,1,2332.23,2332.23
ORD00763,CUST0055,2025-05-22T04:54:09,PROD0029,1,1254.1,1254.1
ORD00766,CUST0024,2025-04-04T03:44:09,PROD0126,1,832.25,832.25
ORD00767,CUST0063,2024-09-13T21:33:09,PROD0058,1,1010.78,1010.78
ORD00767,CUST0063,2024-09-13T21:33:09,PROD0094,1,1410.71,1410.71
ORD00768,CUST0057,2025-08-13T06:54:09,PROD0192,1,528.27,528.27
ORD00765,CUST0040,2025-08-06T09:36:09,PROD0119,2,3263.85,6527.71
ORD00765,CUST0040,2025-08-06T09:36:09,PROD0015,1,3993.37,3993.37
ORD00765,CUST0040,2025-08-06T09:36:09,PROD0085,1,2300.65,2300.65
ORD00769,CUST0037,2024-09-30T21:09:09,PROD0085,2,2327.19,4654.38
ORD00770,CUST0086,2025-01-24T20:10:09,PROD0127,1,439.64,439.64
ORD00773,CUST0036,2024-11-08T01:28:09,PROD0110,1,580.84,580.84
ORD00760,CUST0018,2025-05-14T08:16:09,PROD0174,2,3892.33,7784.66
ORD00760,CUST0018,2025-05-14T08:16:09,PROD0104,1,2817.97,2817.97
ORD00775,CUST0055,2025-05-13T18:16:09,PROD0014,1,3145.31,3145.31
ORD00776,CUST0092,2025-04-13T00:04:09,PROD0047,1,2589.02,2589.02
ORD00776,CUST0092,2025-04-13T00:04:09,PROD0191,1,4168.03,4168.03
ORD00776,CUST0092,2025-04-13T00:04:09,PROD0072,2,360.09,720.18
ORD00771,CUST0100,2025-04-03T09:30:09,PROD0100,1,706.5,706.5
ORD00771,CUST0100,2025-04-03T09:30:09,PROD0006,1,3232.07,3232.07
ORD00771,CUST0100,2025-04-03T09:30:09,PROD0004,1,2444.33,2444.33
ORD00771,CUST0100,2025-04-03T09:30:09,PROD0174,2,3691.48,7382.96
ORD00772,CUST0056,2025-05-14T02:02:09,PROD0195,1,430.29,430.29
ORD00778,CUST0095,2025-03-15T16:33:09,PROD0155,1,2370.55,2370.55
ORD00778,CUST0095,2025-03-15T16:33:09,PROD0054,1,133.9,133.9
ORD00774,CUST0065,2025-07-19T21:56:09,PROD0152,1,3993.98,3993.98
ORD00774,CUST0065,2025-07-19T21:56:09,PROD0031,1,723.06,723.06
ORD00774,CUST0065,2025-07-19T21:56:09,PROD0050,2,1645.78,3291.56
ORD00774,CUST0065,2025-07-19T21:56:09,PROD0158,1,3546.29,3546.29
ORD00774,CUST0065,2025-07-19T21:56:09,PROD0098,1,1622.1,1622.1
ORD00779,CUST0096,2025-07-15T19:46:09,PROD0168,2,2190.82,4381.64
ORD00779,CUST0096,2025-07-15T19:46:09,PROD0115,2,2272.94,4545.87
ORD00777,CUST0063,2025-03-16T03:03:09,PROD0172,1,2335.02,2335.02
ORD00783,CUST0050,2025-04-04T12:01:09,PROD0001,1,1387.24,1387.24
ORD00781,CUST0047,2025-04-28T13:29:09,PROD0112,1,1708.36,1708.36
ORD00784,CUST0066,2025-05-02T09:29:09,PROD0067,1,402.34,402.34
ORD00784,CUST0066,2025-05-02T09:29:09,PROD0182,1,3534.74,3534.74
ORD00780,CUST0039,2025-05-10T23:18:09,PROD0012,1,995.89,995.89
ORD00780,CUST0039,2025-05-10T23:18:09,PROD0183,1,5019.63,5019.63
ORD00785,CUST0031,2025-02-06T18:24:09,PROD0072,2,373.37,746.74
ORD00786,CUST0032,2024-12-27T09:51:09,PROD0089,1,109.72,109.72
ORD00782,CUST0022,2025-07-14T01:28:09,PROD0075,1,3238.45,3238.45
ORD00782,CUST0022,2025-07-14T01:28:09,PROD0178,1,3873.18,3873.18
ORD00782,CUST0022,2025-07-14T01:28:09,PROD0127,1,452.79,452.79
ORD00782,CUST0022,2025-07-14T01:28:09,PROD0020,1,5187.79,5187.79
ORD00787,CUST0091,2025-06-19T01:30:09,PROD0157,1,4751.67,4751.67
ORD00789,CUST0097,2025-03-31T21:12:09,PROD0186,1,247.34,247.34
ORD00792,CUST0097,2024-09-17T11:50:09,PROD0006,1,3011.51,3011.51
ORD00791,CUST0019,2024-10-17T05:59:09,PROD0166,3,1461.23,4383.68
ORD00790,CUST0024,2025-05-03T22:36:09,PROD0049,1,1033.76,1033.76
ORD00790,CUST0024,2025-05-03T22:36:09,PROD0047,1,2571.34,2571.34
ORD00790,CUST0024,2025-05-03T22:36:09,PROD0042,2,2609.75,5219.51
ORD00794,CUST0062,2024-11-28T23:47:09,PROD0069,1,3937.89,3937.89
ORD00794,CUST0062,2024-11-28T23:47:09,PROD0012,1,971.29,971.29
ORD00798,CUST0014,2025-01-27T08:26:09,PROD0068,2,577.84,1155.68
ORD00796,CUST0088,2025-03-26T14:40:09,PROD0029,1,1329.58,1329.58
ORD00796,CUST0088,2025-03-26T14:40:09,PROD0058,1,1131.37,1131.37
ORD00793,CUST0099,2024-10-23T00:53:09,PROD0154,1,4457.43,4457.43
ORD00793,CUST0099,2024-10-23T00:53:09,PROD0028,1,2369.14,2369.14
ORD00793,CUST0099,2024-10-23T00:53:09,PROD0182,1,3550.14,3550.14
ORD00793,CUST0099,2024-10-23T00:53:09,PROD0195,1,415.72,415.72
ORD00795,CUST0054,2024-11-21T17:42:09,PROD0059,1,747.57,747.57
ORD00799,CUST0020,2025-08-11T21:04:09,PROD0115,1,2626.02,2626.02
ORD00797,CUST0043,2024-11-10T04:43:09,PROD0022,2,3147.06,6294.12
ORD00797,CUST0043,2024-11-10T04:43:09,PROD0046,1,177.42,177.42
ORD00797,CUST0043,2024-11-10T04:43:09,PROD0047,1,2644.8,2644.8
ORD00797,CUST0043,2024-11-10T04:43:09,PROD0171,1,4286.22,4286.22
ORD00788,CUST0029,2025-01-31T22:00:09,PROD0138,1,4033.87,4033.87
ORD00788,CUST0029,2025-01-31T22:00:09,PROD0200,1,4562.78,4562.78
ORD00788,CUST0029,2025-01-31T22:00:09,PROD0177,1,1414.72,1414.72
ORD00788,CUST0029,2025-01-31T22:00:09,PROD0161,1,3177.78,3177.78
ORD00788,CUST0029,2025-01-31T22:00:09,PROD0114,1,586.3,586.3
ORD00800,CUST0015,2025-07-03T06:30:09,PROD0024,1,2089.12,2089.12
